이름,주소,대표전화,웹사이트
한국투자증권,서울 영등포구 의사당대로 88 (여의도zzzzz02-3276-5000,https://securities.koreainvestment.com
미래에셋증권,서울 중구 을지로5길 26,1588-6800,https://securities.miraeasset.com
NH투자증권,서울 영등포구 여의대로 108 파크원 타워2,02-768-7000,https://www.nhqv.com
KB증권,서울 영등포구 여의나루로 50 (여의도동),02-6114-0114,https://www.kbsec.com
삼성증권,서울 서초구 서초대로74길 11 (삼성전자빌딩),02-2020-8000,https://www.samsungpop.com
메리츠증권,서울 영등포구 여의대로 86 (여의도동),02-3774-2000,https://www.munim.com
키움증권,서울 영등포구 여의나루로 70,02-3275-6600,https://www.kiwoom.com
신한투자증권,서울 영등포구 의사당대로 83,02-3788-8288,https://www.shinhaninvest.com
하나증권,서울 영등포구 국제금융로 10 Three IFC,02-3788-8282,https://www.hanaw.com
SK증권,서울 강남구 테헤란로 152 (삼성동),02-2000-5001,https://www.sksm.co.kr
교보증권,서울 영등포구 의사당대로 97,02-3771-9000,https://www.kyobotrade.com
대신증권,서울 중구 을지로 100,02-1577-2489,https://www.daishin.com
유안타증권,서울 영등포구 국제금융로 8길 14 Three IFC,02-3772-8800,https://www.myasset.com
한화투자증권,서울 중구 청계천로 100,080-851-8282,https://www.hanwhawm.com
DB금융투자,서울 영등포구 국제금융로8길 32,02-369-3000,https://www.dbfm.co.kr
다올투자증권,서울 영등포구 여의나루로 60 여의도포스트타워,02-2184-2000,https://www.daolmb.com
노무라금융투자,서울 중구 세종대로 136 서울파이낸스센터 17층,02-3783-2000,https://www.nomura.co.kr
골드만삭스증권 서울지점,서울 종로구 새문안로 68 흥국생명빌딩 21층,02-3788-1000,https://www.goldmansachs.com
넥스트증권,서울 영등포구 국제금융로 10 Three IFC 15층,02-788-7000,https://www.nextsec.co.kr
나틱시스증권 서울지점,서울 종로구 종로 1 교보생명빌딩 14층,02-6021-7600,https://www.natixis.com
