Company Name / 회사명,Type / 유형,HQ Location / 본사 위치,Area / 지역,AUM ($Bil),AUM (억원),AREA(지역),주주여부
DS투자증권,Mutual,서울,0, 0 ," 1,221 ",Korea,
IBK투자증권,Mutual,서울,0, 0 ," 1,787 ",Korea,
PEI korea M&A,Mutual,서울,0, 0 , 8 ,Korea,
가이아자산운용,Mutual,서울,0, - , - ,Korea,
갤럭시자산운용,Mutual,서울,0, 0 ," 1,018 ",Korea,
골든브릿지자산운용,Mutual,서울,0, 0 ," 1,264 ",Korea,
교보악사자산운용,Mutual,서울,0, 36 ," 502,862 ",Korea,
교보에이아이엠자산운용,Mutual,서울,0, 1 ," 7,413 ",Korea,
교보증권,Mutual,서울,0, 1 ," 20,476 ",Korea,
구도자산운용,Mutual,서울,0, - , - ,Korea,
국제자산운용,Mutual,서울,0, 0 , 621 ,Korea,
그래디언트자산운용,Mutual,서울,0, 0 , 354 ,Korea,
그래비티자산운용,Mutual,서울,0, 1 ," 7,958 ",Korea,
그레이스자산운용,Mutual,서울,0, 0 , 174 ,Korea,
그로쓰힐자산운용,Mutual,서울,0, 1 ," 8,855 ",Korea,
그린하버자산운용,Mutual,서울,0, 0 , 400 ,Korea,
글로벌원자산운용,Mutual,서울,0, 0 , 431 ,Korea,
글로벌자산운용,Mutual,서울,0, 0 , 61 ,Korea,
나눔자산운용,Mutual,서울,0, 0 ," 1,195 ",Korea,
나무자산운용,Mutual,서울,0, 0 , 108 ,Korea,
나이스자산운용,Mutual,서울,0, 0 ," 1,425 ",Korea,
넥서스자산운용,Mutual,서울,0, 0 , 209 ,Korea,
누림자산운용,Mutual,서울,0, 0 , 345 ,Korea,
다올자산운용,Mutual,서울,0, 6 ," 83,350 ",Korea,
다원자산운용,Mutual,서울,0, 0 ," 4,938 ",Korea,
다인자산운용,Mutual,서울,0, 0 , 424 ,Korea,
대덕자산운용,Mutual,서울,0, 0 , 320 ,Korea,
대신자산운용,Mutual,서울,0, 8 ," 116,801 ",Korea,
더글로벌자산운용,Mutual,서울,0, 0 , 378 ,Korea,
더넥스트자산운용,Mutual,서울,0, 0 , 103 ,Korea,
더다움자산운용,Mutual,서울,0, 0 , 177 ,Korea,
더블유더블유지자산운용,Mutual,서울,0, 0 , 930 ,Korea,
더블유자산운용,Mutual,서울,0, 0 ," 5,041 ",Korea,
더제이자산운용,Mutual,서울,0, 4 ," 49,593 ",Korea,
더퍼블릭자산운용,Mutual,서울,0, 0 , 137 ,Korea,
더퍼스트자산운용,Mutual,서울,0, 0 , 392 ,Korea,
델타자산운용,Mutual,서울,0, 0 , 13 ,Korea,
도미넌트자산운용,Mutual,서울,0, 0 , 869 ,Korea,
두나미스자산운용,Mutual,서울,0, 0 , 562 ,Korea,
디더블유에스자산운용,Mutual,서울,0, 5 ," 76,815 ",Korea,
디블록자산운용,Mutual,서울,0, 0 , 20 ,Korea,
디비아이자산운용,Mutual,서울,0, 0 , 303 ,Korea,
디비자산운용,Mutual,서울,0, 40 ," 553,753 ",Korea,
디에스자산운용,Mutual,서울,0, 1 ," 12,774 ",Korea,
디에이치지자산운용,Mutual,서울,0, 0 , 89 ,Korea,
디오션자산운용,Mutual,서울,0, 0 , 179 ,Korea,
디와이자산운용,Mutual,서울,0, 0 , 361 ,Korea,
디파인자산운용,Mutual,서울,0, 0 , 329 ,Korea,
라살자산운용,Mutual,서울,0, 0 ," 4,176 ",Korea,
라이노스자산운용,Mutual,서울,0, 0 ," 2,802 ",Korea,
라이언자산운용,Mutual,서울,0, 0 ," 3,791 ",Korea,
라이크자산운용,Mutual,서울,0, 0 , 131 ,Korea,
라이프자산운용,Mutual,서울,0, 1 ," 19,149 ",Korea,
라쿤자산운용,Mutual,서울,0, 0 , 684 ,Korea,
람다자산운용,Mutual,서울,0, 0 , 389 ,Korea,
레드애플자산운용,Mutual,서울,0, 0 , 143 ,Korea,
레드와인자산운용,Mutual,서울,0, 0 , 233 ,Korea,
레이크자산운용,Mutual,서울,0, 0 , 650 ,Korea,
레인메이커자산운용,Mutual,서울,0, 0 ," 2,266 ",Korea,
로고스투자운용,Mutual,서울,0, - , - ,Korea,
로만자산운용,Mutual,서울,0, 0 , 901 ,Korea,
로버스트자산운용,Mutual,서울,0, 0 ," 1,831 ",Korea,
루트엔글로벌자산운용,Mutual,서울,0, 0 , 597 ,Korea,
르네상스자산운용,Mutual,서울,0, 0 ," 2,230 ",Korea,
르퓨쳐자산운용,Mutual,서울,0, 0 , 435 ,Korea,
리딩자산운용,Mutual,서울,0, 0 ," 2,298 ",Korea,
리딩투자증권,Mutual,서울,0, 1 ," 7,044 ",Korea,
리버스톤자산운용,Mutual,서울,0, 0 , 206 ,Korea,
리버티자산운용,Mutual,서울,0, 0 , 61 ,Korea,
리운자산운용,Mutual,서울,0, 0 ," 1,875 ",Korea,
리치먼드자산운용,Mutual,서울,0, 0 ," 2,589 ",Korea,
리치자산운용,Mutual,서울,0, 0 , 145 ,Korea,
리커버리자산운용,Mutual,서울,0, 0 , 195 ,Korea,
리코자산운용,Mutual,서울,0, 0 ," 2,249 ",Korea,
리판자산운용,Mutual,서울,0, 0 , 585 ,Korea,
린드먼파트너스자산운용,Mutual,서울,0, - , - ,Korea,
릴라이언자산운용,Mutual,서울,0, 0 , 746 ,Korea,
마르스자산운용,Mutual,서울,0, 0 , 355 ,Korea,
마스터자산운용,Mutual,서울,0, 0 , 917 ,Korea,
마스턴투자운용,Mutual,서울,0, 3 ," 44,390 ",Korea,
마스트파트너스자산운용,Mutual,서울,0, 0 , 242 ,Korea,
마운틴자산운용,Mutual,서울,0, 0 , 225 ,Korea,
마이다스에셋자산운용,Mutual,서울,0, 17 ," 237,334 ",Korea,
마인드자산운용,Mutual,서울,0, 0 , 223 ,Korea,
마일스톤자산운용,Mutual,서울,0, 0 ," 3,605 ",Korea,
마제스티자산운용,Mutual,서울,0, 0 , 254 ,Korea,
마크자산운용,Mutual,서울,0, 0 ," 1,125 ",Korea,
맥쿼리자산운용,Mutual,서울,0, 3 ," 46,331 ",Korea,
맨하탄서밋자산운용,Mutual,서울,0, 0 , 56 ,Korea,
머스트자산운용,Mutual,서울,0, 0 ," 1,864 ",Korea,
머치앤모어자산운용,Mutual,서울,0, 0 , 11 ,Korea,
머큐리자산운용,Mutual,서울,0, 0 , 277 ,Korea,
메리츠대체투자운용,Mutual,서울,0, - , - ,Korea,
메이븐자산운용,Mutual,서울,0, 0 , 213 ,Korea,
메이어스자산운용,Mutual,서울,0, 0 , 198 ,Korea,
메자닌플러스자산운용,Mutual,서울,0, 0 , 327 ,Korea,
메테우스자산운용,Mutual,서울,0, 0 ," 5,708 ",Korea,
멜론자산운용,Mutual,서울,0, 0 ," 2,380 ",Korea,
모다자산운용,Mutual,서울,0, 0 , 5 ,Korea,
모루자산운용,Mutual,서울,0, 0 , 512 ,Korea,
모비딕자산운용,Mutual,서울,0, 0 , 769 ,Korea,
모티브자산운용,Mutual,서울,0, 0 , 413 ,Korea,
문스톤자산운용,Mutual,서울,0, 0 , 263 ,Korea,
미래에셋자산운용,Mutual,서울,0, 90 ," 1,256,138 ",Korea,
바로자산운용,Mutual,서울,0, 0 ," 5,241 ",Korea,
밸류시스템자산운용,Mutual,서울,0, 0 ," 3,344 ",Korea,
밸류파트너스자산운용,Mutual,서울,0, 0 , 438 ,Korea,
베네투스자산운용,Mutual,서울,0, 0 , 204 ,Korea,
베스타스자산운용,Mutual,서울,0, 0 ," 2,184 ",Korea,
베아투스자산운용,Mutual,서울,0, 0 , 443 ,Korea,
베어링자산운용,Mutual,서울,0, 12 ," 174,880 ",Korea,
베이직자산운용,Mutual,서울,0, 0 , 139 ,Korea,
벤코어인베스트먼츠자산운용,Mutual,서울,0, 0 , 328 ,Korea,
벨에포크자산운용,Mutual,서울,0, 0 , 145 ,Korea,
보고펀드자산운용,Mutual,서울,0, 0 ," 5,957 ",Korea,
볼트자산운용,Mutual,서울,0, 0 ," 1,931 ",Korea,
브라이트자산운용,Mutual,서울,0, 0 , 705 ,Korea,
브라이튼자산운용,Mutual,서울,0, 0 ," 1,370 ",Korea,
브라흐마자산운용,Mutual,서울,0, 0 , 188 ,Korea,
브레인자산운용,Mutual,서울,0, 0 ," 5,532 ",Korea,
브로드하이자산운용,Mutual,서울,0, 0 , 380 ,Korea,
브룩필드자산운용코리아,Mutual,서울,0, 0 ," 6,596 ",Korea,
브이아이자산운용,Mutual,서울,0, 9 ," 125,940 ",Korea,
브이아이피자산운용,Mutual,서울,0, 5 ," 69,429 ",Korea,
브이앤에스자산운용,Mutual,서울,0, 0 ," 6,427 ",Korea,
브이엠자산운용,Mutual,서울,0, 0 ," 2,815 ",Korea,
브이자산운용,Mutual,서울,0, 0 ," 3,837 ",Korea,
블래쉬자산운용,Mutual,서울,0, 0 ," 1,369 ",Korea,
블랙록자산운용,Mutual,서울,0, - , - ,Korea,
블랙보드자산운용,Mutual,서울,0, 0 , 105 ,Korea,
블랙펄자산운용,Mutual,서울,0, 0 , 222 ,Korea,
블루코브자산운용,Mutual,서울,0, 0 ," 5,267 ",Korea,
블리츠자산운용,Mutual,서울,0, 0 ," 4,188 ",Korea,
비앤아이자산운용,Mutual,서울,0, 0 , 535 ,Korea,
비엔비자산운용,Mutual,서울,0, 0 , 875 ,Korea,
비엔케이자산운용,Mutual,서울,0, 10 ," 135,929 ",Korea,
비욘드자산운용,Mutual,서울,0, 0 , 428 ,Korea,
비전자산운용,Mutual,서울,0, 0 ," 1,783 ",Korea,
비케이피엘자산운용,Mutual,서울,0, 0 ," 2,376 ",Korea,
비피자산운용,Mutual,서울,0, 0 , 401 ,Korea,
빌리언폴드자산운용,Mutual,서울,0, 0 ," 1,550 ",Korea,
사람사점영자산운용,Mutual,서울,0, 0 ," 1,958 ",Korea,
산은인프라자산운용,Mutual,서울,0, 9 ," 127,539 ",Korea,
삼성액티브자산운용,Mutual,서울,0, 6 ," 77,995 ",Korea,
삼성에스알에이자산운용,Mutual,서울,0, 7 ," 98,664 ",Korea,
삼성자산운용,Mutual,서울,0, 216 ," 3,017,719 ",Korea,
삼성헤지자산운용,Mutual,서울,0, - , - ,Korea,
삼천리자산운용,Mutual,서울,0, 0 , 180 ,Korea,
새봄자산운용,Mutual,서울,0, 0 , 140 ,Korea,
샘자산운용,Mutual,서울,0, 0 , 531 ,Korea,
서울에셋매니지먼트,Mutual,서울,0, 0 ," 1,060 ",Korea,
서진자산운용,Mutual,서울,0, 0 , 130 ,Korea,
선스피어자산운용,Mutual,서울,0, 0 , 293 ,Korea,
센터피스자산운용,Mutual,서울,0, 0 , 58 ,Korea,
셀레니언자산운용,Mutual,서울,0, 0 , 465 ,Korea,
솔리드런자산운용,Mutual,서울,0, 0 , 131 ,Korea,
수성자산운용,Mutual,서울,0, 0 ," 6,612 ",Korea,
슈니크자산운용,Mutual,서울,0, 0 , 601 ,Korea,
슈로더투자신탁운용,Mutual,서울,0, 0 , 1 ,Korea,
스마일게이트자산운용,Mutual,서울,0, 0 ," 1,584 ",Korea,
스카이워크자산운용,Mutual,서울,0, 0 ," 1,015 ",Korea,
스타로드자산운용,Mutual,서울,0, 0 ," 3,120 ",Korea,
스타퀘스트자산운용,Mutual,서울,0, 0 , 966 ,Korea,
스톤브릿지자산운용,Mutual,서울,0, 0 , 971 ,Korea,
스틱얼터너티브자산운용,Mutual,서울,0, 1 ," 7,705 ",Korea,
스팍스자산운용,Mutual,서울,0, 1 ," 13,837 ",Korea,
스페이스자산운용,Mutual,서울,0, 0 , 205 ,Korea,
스피네이커자산운용,Mutual,서울,0, 0 , 378 ,Korea,
슬기자산운용,Mutual,서울,0, 0 ," 1,798 ",Korea,
시그니처자산운용,Mutual,서울,0, 0 , 493 ,Korea,
시드인베스트먼트자산운용,Mutual,서울,0, 0 , 692 ,Korea,
시몬느자산운용,Mutual,서울,0, 0 , 311 ,Korea,
신라자산운용,Mutual,서울,0, (0), -3 ,Korea,
신영자산운용,Mutual,서울,0, 4 ," 62,041 ",Korea,
신영증권,Mutual,서울,0, 0 , 583 ,Korea,
신한자산운용,Mutual,서울,0, 73 ," 1,027,132 ",Korea,
신한투자증권,Mutual,서울,0, 2 ," 24,932 ",Korea,
써밋자산운용,Mutual,서울,0, 0 , 111 ,Korea,
썬앤트리자산운용,Mutual,서울,0, 0 , 508 ,Korea,
씨비알이인베스트먼트매니지먼트자산운용,Mutual,서울,0, 1 ," 10,151 ",Korea,
씨스퀘어자산운용,Mutual,서울,0, 0 ," 2,585 ",Korea,
씨앗자산운용,Mutual,서울,0, 0 ," 1,059 ",Korea,
씨에이씨파트너스자산운용,Mutual,서울,0, 0 , 961 ,Korea,
씨엘자산운용,Mutual,서울,0, 0 , 388 ,Korea,
씨케이골디락스자산운용,Mutual,서울,0, 0 , 723 ,Korea,
아너스자산운용,Mutual,서울,0, 0 ," 5,411 ",Korea,
아든자산운용,Mutual,서울,0, 0 , 585 ,Korea,
아라자산운용,Mutual,서울,0, 0 , 40 ,Korea,
아람자산운용,Mutual,서울,0, 0 , 280 ,Korea,
아르고스자산운용,Mutual,서울,0, 0 , 70 ,Korea,
아름자산운용,Mutual,서울,0, 0 ," 1,483 ",Korea,
아미쿠스자산운용,Mutual,서울,0, 0 , 215 ,Korea,
아샘자산운용,Mutual,서울,0, 0 ," 1,194 ",Korea,
아스트라자산운용,Mutual,서울,0, 0 , 951 ,Korea,
아우름자산운용,Mutual,서울,0, 0 , 447 ,Korea,
아울자산운용,Mutual,서울,0, 0 , 151 ,Korea,
아이디어브릿지자산운용,Mutual,서울,0, 0 , 977 ,Korea,
아이리스자산운용,Mutual,서울,0, 0 , 187 ,Korea,
아이비자산운용,Mutual,서울,0, 0 , 134 ,Korea,
아이비케이자산운용,Mutual,서울,0, 24 ," 342,789 ",Korea,
아이앤제이자산운용,Mutual,서울,0, 0 , 232 ,Korea,
아이앤케이투자자산운용,Mutual,서울,0, 0 ," 1,240 ",Korea,
아이엠에셋자산운용,Mutual,서울,0, 11 ," 156,396 ",Korea,
아이엠엠자산운용,Mutual,서울,0, 0 ," 2,148 ",Korea,
아이엠엠크레딧앤솔루션,Mutual,서울,0, 0 ," 1,921 ",Korea,
아이온자산운용,Mutual,서울,0, 0 , 461 ,Korea,
아이트러스트자산운용,Mutual,서울,0, 0 ," 1,525 ",Korea,
아이파트너스자산운용,Mutual,서울,0, 0 ," 1,370 ",Korea,
아이피엠자산운용,Mutual,서울,0, 0 , 480 ,Korea,
아크미스자산운용,Mutual,서울,0, 0 , 1 ,Korea,
아크임팩트자산운용,Mutual,서울,0, 0 ," 1,893 ",Korea,
아테나자산운용,Mutual,서울,0, 0 , 639 ,Korea,
아톰자산운용,Mutual,서울,0, 0 , 134 ,Korea,
아트만자산운용,Mutual,서울,0, 0 ," 2,310 ",Korea,
아하에셋자산운용,Mutual,서울,0, 0 , 168 ,Korea,
안다에이치자산운용,Mutual,서울,0, 0 ," 2,581 ",Korea,
안다자산운용,Mutual,서울,0, 1 ," 7,967 ",Korea,
알더인베스트먼트,Mutual,서울,0, 0 , 216 ,Korea,
알디자산운용,Mutual,서울,0, 0 , 71 ,Korea,
알세온코리아자산운용,Mutual,서울,0, - , - ,Korea,
알지자산운용,Mutual,서울,0, 0 , 62 ,Korea,
알파벳자산운용,Mutual,서울,0, 0 , 61 ,Korea,
알파자산운용,Mutual,서울,0, 0 ," 5,928 ",Korea,
알파플러스자산운용,Mutual,서울,0, 0 , 945 ,Korea,
알펜루트자산운용,Mutual,서울,0, 0 ," 1,433 ",Korea,
앤도버자산운용,Mutual,서울,0, 0 ," 1,774 ",Korea,
앱솔루트자산운용,Mutual,서울,0, 0 , 855 ,Korea,
어닝자산운용,Mutual,서울,0, 0 , 255 ,Korea,
어라운드자산운용,Mutual,서울,0, 0 , 213 ,Korea,
어반자산운용,Mutual,서울,0, 0 , 306 ,Korea,
어스틴자산운용,Mutual,서울,0, 0 , 161 ,Korea,
어썸자산운용,Mutual,서울,0, 0 , 484 ,Korea,
얼라이언스번스틴자산운용,Mutual,서울,0, - , - ,Korea,
얼라인파트너스자산운용,Mutual,서울,0, 1 ," 9,584 ",Korea,
얼터너티브자산운용,Mutual,서울,0, - , - ,Korea,
에너지인프라자산운용,Mutual,서울,0, - , - ,Korea,
에셋플러스자산운용,Mutual,서울,0, 0 ," 6,064 ",Korea,
에스앤씨자산운용,Mutual,서울,0, 0 , 779 ,Korea,
에스에이치자산운용,Mutual,서울,0, 0 , 293 ,Korea,
에스엘피자산운용,Mutual,서울,0, - , - ,Korea,
에스티엔에이치자산운용,Mutual,서울,0, 0 , 494 ,Korea,
에스티자산운용,Mutual,서울,0, 0 , 203 ,Korea,
에스피자산운용,Mutual,서울,0, 0 ," 2,161 ",Korea,
에이디에프자산운용,Mutual,서울,0, 2 ," 28,105 ",Korea,
에이아이파트너스자산운용,Mutual,서울,0, 0 ," 2,122 ",Korea,
에이아이피자산운용,Mutual,서울,0, 0 , 435 ,Korea,
에이알에이코리아자산운용,Mutual,서울,0, 1 ," 16,465 ",Korea,
에이에프더블유자산운용,Mutual,서울,0, 0 , 255 ,Korea,
에이올자산운용,Mutual,서울,0, 0 , 87 ,Korea,
에이원자산운용,Mutual,서울,0, 0 ," 3,392 ",Korea,
에이치디씨자산운용,Mutual,서울,0, 1 ," 12,114 ",Korea,
에이치비자산운용,Mutual,서울,0, 0 , 50 ,Korea,
에이치스톤자산운용,Mutual,서울,0, 0 , 161 ,Korea,
에이치알자산운용,Mutual,서울,0, 0 , 940 ,Korea,
에이치에이치알자산운용,Mutual,서울,0, 0 ," 3,650 ",Korea,
에이치원자산운용,Mutual,서울,0, 0 , 1 ,Korea,
에이치자산운용,Mutual,서울,0, 0 , 385 ,Korea,
에이케이파트너스자산운용,Mutual,서울,0, 0 , 341 ,Korea,
에이펙스자산운용,Mutual,서울,0, 0 , 683 ,Korea,
에이플랜자산운용,Mutual,서울,0, 0 , 200 ,Korea,
에이피자산운용,Mutual,서울,0, 0 , 74 ,Korea,
에임즈자산운용,Mutual,서울,0, 0 , 176 ,Korea,
에프엘자산운용,Mutual,서울,0, 0 ," 6,648 ",Korea,
엑스포넨셜자산운용,Mutual,서울,0, 0 , 487 ,Korea,
엑시엄자산운용,Mutual,서울,0, 0 , 104 ,Korea,
엔라이튼자산운용,Mutual,서울,0, 0 , 765 ,Korea,
엔에스자산운용,Mutual,서울,0, 0 , 350 ,Korea,
엔에이치농협리츠운용,Mutual,서울,0, 0 ," 4,351 ",Korea,
엔에이치아문디자산운용,Mutual,서울,0, 41 ," 572,461 ",Korea,
엔에이치헤지자산운용,Mutual,서울,0, 1 ," 10,087 ",Korea,
엘비자산운용,Mutual,서울,0, 2 ," 24,519 ",Korea,
엘에이치에스자산운용,Mutual,서울,0, 0 , 148 ,Korea,
엘에프자산운용,Mutual,서울,0, 0 , 233 ,Korea,
엘엑스자산운용,Mutual,서울,0, 0 ," 1,454 ",Korea,
엘엔에스자산운용,Mutual,서울,0, 0 ," 2,143 ",Korea,
엘케이자산운용,Mutual,서울,0, 0 , 963 ,Korea,
엠디엠자산운용,Mutual,서울,0, 1 ," 9,847 ",Korea,
엠플러스자산운용,Mutual,서울,0, 1 ," 9,385 ",Korea,
오라이언자산운용,Mutual,서울,0, 1 ," 7,242 ",Korea,
오르카자산운용,Mutual,서울,0, 0 , 489 ,Korea,
오름자산운용,Mutual,서울,0, - , - ,Korea,
오스카자산운용,Mutual,서울,0, 0 , 216 ,Korea,
오이코스자산운용,Mutual,서울,0, 0 , 162 ,Korea,
오하자산운용,Mutual,서울,0, 0 ," 4,790 ",Korea,
옵투스자산운용,Mutual,서울,0, 0 , 288 ,Korea,
와이드크릭자산운용,Mutual,서울,0, 0 ," 4,002 ",Korea,
와이씨자산운용,Mutual,서울,0, 0 , 944 ,Korea,
와이앤피자산운용,Mutual,서울,0, 0 ," 2,988 ",Korea,
와이즈먼자산운용,Mutual,서울,0, 0 , 136 ,Korea,
와이케이자산운용,Mutual,서울,0, 0 , 243 ,Korea,
요위스자산운용,Mutual,서울,0, - , - ,Korea,
우리자산운용,Mutual,서울,0, 36 ," 504,751 ",Korea,
우리프라이빗에퀴티자산운용,Mutual,서울,0, 0 ," 5,826 ",Korea,
우영자산운용,Mutual,서울,0, 0 , 715 ,Korea,
원에이츠자산운용,Mutual,서울,0, 0 , 365 ,Korea,
원자산운용,Mutual,서울,0, 0 ," 2,366 ",Korea,
월넛자산운용,Mutual,서울,0, 0 ," 1,653 ",Korea,
웰브릿지자산운용,Mutual,서울,0, 0 ," 3,688 ",Korea,
웰스자산운용,Mutual,서울,0, 0 , 202 ,Korea,
웰컴자산운용,Mutual,서울,0, 1 ," 17,404 ",Korea,
위너스자산운용,Mutual,서울,0, 0 , 90 ,Korea,
위드플러스자산운용,Mutual,서울,0, 0 , 67 ,Korea,
위솔자산운용,Mutual,서울,0, 0 , 979 ,Korea,
위플러스자산운용,Mutual,서울,0, 0 , 55 ,Korea,
유경피에스지자산운용,Mutual,서울,0, 0 ," 5,130 ",Korea,
유나이티드파트너스자산운용,Mutual,서울,0, 0 ," 1,310 ",Korea,
유니스토리자산운용,Mutual,서울,0, 0 ," 1,307 ",Korea,
유리자산운용,Mutual,서울,0, 10 ," 139,048 ",Korea,
유진자산운용,Mutual,서울,0, 6 ," 89,109 ",Korea,
유피자산운용,Mutual,서울,0, 0 , 99 ,Korea,
으뜸자산운용,Mutual,서울,0, 0 , 412 ,Korea,
이가자산운용,Mutual,서울,0, 0 , 273 ,Korea,
이도캐피탈자산운용,Mutual,서울,0, 0 , 55 ,Korea,
이든자산운용,Mutual,서울,0, 1 ," 7,663 ",Korea,
이루자산운용,Mutual,서울,0, 0 , 215 ,Korea,
이룸자산운용,Mutual,서울,0, 0 , 188 ,Korea,
이스트우드자산운용,Mutual,서울,0, 0 , 112 ,Korea,
이아이피자산운용,Mutual,서울,0, 0 ," 1,438 ",Korea,
이에이자산운용,Mutual,서울,0, 0 , 242 ,Korea,
이오스자산운용,Mutual,서울,0, - , - ,Korea,
이음자산운용,Mutual,서울,0, 0 , 15 ,Korea,
이지스리얼에셋투자운용,Mutual,서울,0, 0 ," 1,135 ",Korea,
이지스엑스자산운용,Mutual,서울,0, 0 ," 5,194 ",Korea,
이지스자산운용,Mutual,서울,0, 13 ," 188,357 ",Korea,
이현자산운용,Mutual,서울,0, 0 , 944 ,Korea,
이화자산운용,Mutual,서울,0, 1 ," 7,375 ",Korea,
인마크자산운용,Mutual,서울,0, 0 , 523 ,Korea,
인벡스자산운용,Mutual,서울,0, 0 , 871 ,Korea,
인사이트자산운용,Mutual,서울,0, 0 ," 1,548 ",Korea,
인터레이스자산운용,Mutual,서울,0, 0 ," 1,052 ",Korea,
인트러스투자운용,Mutual,서울,0, 0 ," 1,357 ",Korea,
인프라프론티어자산운용,Mutual,서울,0, 0 , 85 ,Korea,
인피니티글로벌자산운용,Mutual,서울,0, 0 ," 1,066 ",Korea,
자비스자산운용,Mutual,서울,0, 0 , 139 ,Korea,
자산운용별내,Mutual,서울,0, 0 , 153 ,Korea,
자산운용진,Mutual,서울,0, 0 , 152 ,Korea,
자산운용현,Mutual,서울,0, 0 , 197 ,Korea,
재원자산운용,Mutual,서울,0, 0 , 133 ,Korea,
제너시스투자자문,Mutual,서울,0, - , - ,Korea,
제니스자산운용,Mutual,서울,0, 0 , 200 ,Korea,
제브라자산운용,Mutual,서울,0, 0 , 324 ,Korea,
제이더블유자산운용,Mutual,서울,0, 0 , 212 ,Korea,
제이드자산운용,Mutual,서울,0, 0 , 811 ,Korea,
제이비자산운용,Mutual,서울,0, 4 ," 56,371 ",Korea,
제이씨에셋자산운용,Mutual,서울,0, 0 ," 2,048 ",Korea,
제이알투자운용,Mutual,서울,0, 0 ," 6,880 ",Korea,
제이에이치자산운용,Mutual,서울,0, 0 , 457 ,Korea,
제이원자산운용,Mutual,서울,0, 0 , 42 ,Korea,
제이자산운용,Mutual,서울,0, 0 , 134 ,Korea,
제이커브자산운용,Mutual,서울,0, 0 , 550 ,Korea,
제이피에셋자산운용,Mutual,서울,0, 0 , 396 ,Korea,
조인에셋글로벌자산운용,Mutual,서울,0, 0 , 840 ,Korea,
지니자산운용,Mutual,서울,0, 0 , 446 ,Korea,
지베스코자산운용,Mutual,서울,0, 0 ," 2,362 ",Korea,
지브이에이자산운용,Mutual,서울,0, 0 ," 3,888 ",Korea,
지안자산운용,Mutual,서울,0, 0 , 559 ,Korea,
지알이파트너스자산운용,Mutual,서울,0, 0 ," 1,947 ",Korea,
지지자산운용,Mutual,서울,0, 0 ," 1,366 ",Korea,
지큐자산운용,Mutual,서울,0, 0 , 8 ,Korea,
차파트너스자산운용,Mutual,서울,0, 0 ," 2,503 ",Korea,
카디안자산운용,Mutual,서울,0, 6 ," 78,949 ",Korea,
카이로스자산운용,Mutual,서울,0, 0 , 118 ,Korea,
칸서스자산운용,Mutual,서울,0, 5 ," 65,824 ",Korea,
칼론인베스트먼트자산운용,Mutual,서울,0, 0 ," 1,723 ",Korea,
캐피탈랜드투자운용,Mutual,서울,0, 1 ," 11,857 ",Korea,
캡스톤자산운용,Mutual,서울,0, 2 ," 32,804 ",Korea,
케이리츠투자운용,Mutual,서울,0, 0 ," 2,395 ",Korea,
케이비자산운용,Mutual,서울,0, 91 ," 1,276,195 ",Korea,
케이씨지아이대체투자운용,Mutual,서울,0, 0 ," 1,780 ",Korea,
케이씨지아이자산운용,Mutual,서울,0, 1 ," 18,311 ",Korea,
케이에스디자산운용,Mutual,서울,0, 0 , 52 ,Korea,
케이에스에프자산운용,Mutual,서울,0, 0 , 205 ,Korea,
케이에스자산운용,Mutual,서울,0, 0 , 255 ,Korea,
케이와이자산운용,Mutual,서울,0, 0 , 670 ,Korea,
케이원자산운용,Mutual,서울,0, 0 , 391 ,Korea,
케이지티자산운용,Mutual,서울,0, 0 , 213 ,Korea,
케이클라비스자산운용,Mutual,서울,0, 1 ," 8,012 ",Korea,
케이티투자운용,Mutual,서울,0, 0 ," 3,613 ",Korea,
케이펙스자산운용,Mutual,서울,0, 0 ," 1,360 ",Korea,
케이프리덤자산운용,Mutual,서울,0, 0 , 174 ,Korea,
케이프투자증권,Mutual,서울,0, 0 ," 1,812 ",Korea,
케이핀자산운용,Mutual,서울,0, 0 , 832 ,Korea,
케펠자산운용,Mutual,서울,0, 1 ," 9,019 ",Korea,
케플러자산운용,Mutual,서울,0, 0 , 86 ,Korea,
켄달스퀘어자산운용,Mutual,서울,0, 3 ," 47,864 ",Korea,
코너스톤자산운용,Mutual,서울,0, 0 , 326 ,Korea,
코람코자산운용,Mutual,서울,0, 3 ," 39,668 ",Korea,
코레이트자산운용,Mutual,서울,0, 3 ," 48,245 ",Korea,
코리아에셋투자증권,Mutual,서울,0, 0 ," 1,206 ",Korea,
코리아자산운용,Mutual,서울,0, 0 ," 1,181 ",Korea,
코어자산운용,Mutual,서울,0, 0 , 357 ,Korea,
쿼드자산운용,Mutual,서울,0, 2 ," 27,139 ",Korea,
쿼터백자산운용,Mutual,서울,0, 0 , 723 ,Korea,
퀀트인자산운용,Mutual,서울,0, 0 , 578 ,Korea,
퀸즈가드자산운용,Mutual,서울,0, 0 , 788 ,Korea,
큐브인더스트리얼자산운용,Mutual,서울,0, 0 , 537 ,Korea,
크라운락자산운용,Mutual,서울,0, 0 , 197 ,Korea,
크레스톤자산운용,Mutual,서울,0, 0 , 670 ,Korea,
크로스자산운용,Mutual,서울,0, 0 , 180 ,Korea,
크로톤자산운용,Mutual,서울,0, 0 , 425 ,Korea,
크리에이트자산운용,Mutual,서울,0, 0 ," 2,111 ",Korea,
클라만자산운용,Mutual,서울,0, 0 , 265 ,Korea,
키움투자자산운용,Mutual,서울,0, 33 ," 466,443 ",Korea,
키웨스트글로벌자산운용,Mutual,서울,0, 0 , 791 ,Korea,
키파스자산운용,Mutual,서울,0, 0 , 218 ,Korea,
키퍼바흐자산운용,Mutual,서울,0, - , - ,Korea,
키플렉스자산운용,Mutual,서울,0, 0 , 143 ,Korea,
타이거대체투자운용,Mutual,서울,0, 0 ," 6,775 ",Korea,
타이거자산운용투자일임,Mutual,서울,0, 1 ," 10,235 ",Korea,
타임폴리오자산운용,Mutual,서울,0, 2 ," 32,455 ",Korea,
태성자산운용,Mutual,서울,0, 0 ," 2,816 ",Korea,
테라자산운용,Mutual,서울,0, 0 , 116 ,Korea,
테바인베스트먼트,Mutual,서울,0, 0 , 141 ,Korea,
텐세그리티자산운용,Mutual,서울,0, 0 ," 2,276 ",Korea,
템플턴하나자산운용,Mutual,서울,0, 2 ," 25,737 ",Korea,
토러스자산운용,Mutual,서울,0, 1 ," 12,947 ",Korea,
토브자산운용,Mutual,서울,0, 0 , 942 ,Korea,
토터스자산운용,Mutual,서울,0, 0 , 638 ,Korea,
토포앤코코리아자산운용,Mutual,서울,0, 0 , 94 ,Korea,
트라움자산운용,Mutual,서울,0, 0 , 869 ,Korea,
트러스타자산운용,Mutual,서울,0, 0 , 351 ,Korea,
트러스톤자산운용,Mutual,서울,0, 8 ," 112,771 ",Korea,
트레스자산운용,Mutual,서울,0, 0 , 347 ,Korea,
트리니티자산운용,Mutual,서울,0, 0 ," 1,683 ",Korea,
티아이자산운용,Mutual,서울,0, 0 ," 1,045 ",Korea,
티엘자산운용,Mutual,서울,0, 0 , 254 ,Korea,
파라뷰자산운용,Mutual,서울,0, 0 , 821 ,Korea,
파레토자산운용,Mutual,서울,0, 0 , 386 ,Korea,
파로스자산운용,Mutual,서울,0, 0 ," 1,164 ",Korea,
파이브트리자산운용,Mutual,서울,0, 0 , 378 ,Korea,
파이어스톤자산운용,Mutual,서울,0, 0 , 176 ,Korea,
파인밸류자산운용,Mutual,서울,0, 0 ," 3,958 ",Korea,
파인스트리트자산운용,Mutual,서울,0, 0 ," 4,286 ",Korea,
파인앤파트너스자산운용,Mutual,서울,0, 0 ," 1,411 ",Korea,
파인트리자산운용,Mutual,서울,0, 2 ," 34,713 ",Korea,
퍼시픽브릿지자산운용,Mutual,서울,0, 0 , 322 ,Korea,
퍼시픽자산운용,Mutual,서울,0, 2 ," 29,236 ",Korea,
페블스톤자산운용,Mutual,서울,0, 1 ," 14,341 ",Korea,
페블즈자산운용,Mutual,서울,0, 0 , 858 ,Korea,
페어웨이자산운용,Mutual,서울,0, 0 , 554 ,Korea,
페트라빌자산운용,Mutual,서울,0, 0 , 449 ,Korea,
페트라자산운용,Mutual,서울,0, 0 ," 3,334 ",Korea,
포도자산운용,Mutual,서울,0, 0 , 342 ,Korea,
포렉스자산운용,Mutual,서울,0, 0 , 56 ,Korea,
포스트자산운용,Mutual,서울,0, 0 , 303 ,Korea,
포어모스트자산운용,Mutual,서울,0, 0 , 74 ,Korea,
포커스자산운용,Mutual,서울,0, 0 ," 3,695 ",Korea,
포트코리아자산운용,Mutual,서울,0, 0 ," 1,937 ",Korea,
폴라리스자산운용,Mutual,서울,0, 0 , 23 ,Korea,
푸른파트너스자산운용,Mutual,서울,0, 0 ," 4,308 ",Korea,
품에자산운용,Mutual,서울,0, 0 , 483 ,Korea,
프라임자산운용,Mutual,서울,0, 0 ," 1,128 ",Korea,
프라핏자산운용,Mutual,서울,0, 0 ," 1,087 ",Korea,
플랫폼파트너스자산운용,Mutual,서울,0, 0 ," 2,045 ",Korea,
플러스자산운용,Mutual,서울,0, 4 ," 58,707 ",Korea,
피나클자산운용,Mutual,서울,0, 0 , 168 ,Korea,
피데스자산운용,Mutual,서울,0, 0 ," 4,467 ",Korea,
피델리티자산운용,Mutual,서울,0, 0 , 157 ,Korea,
피보나치자산운용,Mutual,서울,0, 0 ," 1,007 ",Korea,
피아이에이자산운용,Mutual,서울,0, 0 ," 3,030 ",Korea,
피앤케이자산운용,Mutual,서울,0, 0 , 395 ,Korea,
피타자산운용,Mutual,서울,0, 0 , 334 ,Korea,
피티알자산운용,Mutual,서울,0, 0 ," 1,409 ",Korea,
핑거자산운용,Mutual,서울,0, 0 , 267 ,Korea,
하나대체투자자산운용,Mutual,서울,0, 5 ," 69,076 ",Korea,
하나자산운용,Mutual,서울,0, 22 ," 312,388 ",Korea,
하베스트자산운용,Mutual,서울,0, 0 , 96 ,Korea,
하우자산운용,Mutual,서울,0, 0 ," 1,912 ",Korea,
하이즈에셋자산운용,Mutual,서울,0, 0 , 613 ,Korea,
한강에셋자산운용,Mutual,서울,0, 1 ," 15,253 ",Korea,
한국교통자산운용,Mutual,서울,0, 0 ," 4,955 ",Korea,
한국대성자산운용,Mutual,서울,0, 0 , 72 ,Korea,
한국대안투자자산운용,Mutual,서울,0, 0 ," 1,016 ",Korea,
한국대체투자자산운용,Mutual,서울,0, 0 ," 3,265 ",Korea,
한국성장금융투자운용,Mutual,서울,0, 5 ," 72,018 ",Korea,
한국채권투자운용,Mutual,서울,0, 1 ," 8,341 ",Korea,
한국투자리얼에셋운용,Mutual,서울,0, 4 ," 54,457 ",Korea,
한국투자밸류자산운용,Mutual,서울,0, 4 ," 53,180 ",Korea,
한국투자신탁운용,Mutual,서울,0, 34 ," 475,362 ",Korea,
한국투자증권,Mutual,서울,0, 0 ," 2,767 ",Korea,
한미글로벌투자운용,Mutual,서울,0, 0 , 107 ,Korea,
한백자산운용,Mutual,서울,0, 0 , 239 ,Korea,
한스프라임자산운용,Mutual,서울,0, 0 , 131 ,Korea,
한앤파트너스자산운용,Mutual,서울,0, 0 , 415 ,Korea,
한일퍼스트자산운용,Mutual,서울,0, 0 , 394 ,Korea,
한화자산운용,Mutual,서울,0, 59 ," 820,927 ",Korea,
해든자산운용,Mutual,서울,0, 0 , 314 ,Korea,
해디브자산운용,Mutual,서울,0, 0 , 383 ,Korea,
허브자산운용,Mutual,서울,0, 0 , 65 ,Korea,
헤리티지자산운용,Mutual,서울,0, 0 ," 3,328 ",Korea,
혁신아이비자산운용,Mutual,서울,0, 0 ," 1,173 ",Korea,
현대얼터너티브,Mutual,서울,0, 0 , 259 ,Korea,
현대인베스트먼트자산운용,Mutual,서울,0, 11 ," 158,721 ",Korea,
현대자산운용,Mutual,서울,0, 3 ," 48,806 ",Korea,
현대하임자산운용,Mutual,서울,0, 0 , 548 ,Korea,
홍익인간사모기업인수증권투자회사,Mutual,서울,0, 0 , 70 ,Korea,
화인자산운용,Mutual,서울,0, 0 ," 2,090 ",Korea,
황소자산운용,Mutual,서울,0, 0 ," 1,086 ",Korea,
휴먼앤드브릿지자산운용,Mutual,서울,0, 0 , 236 ,Korea,
흥국자산운용,Mutual,서울,0, 24 ," 340,423 ",Korea,
