운용사,성명,총 운용경력,현회사 운용경력,펀드수,"설정원본
(백만원)",,,,
교보악사자산운용,권용범,10년7개월,10년7개월,11,"1,624,589",,,,
교보악사자산운용,김경석,10년2개월,4년2개월,8,"8,280,311",,,,
교보악사자산운용,김솔,2년1개월,2년1개월,1,26,,,,
교보악사자산운용,박세량,11년4개월,11년4개월,4,"12,561",,,,
교보악사자산운용,박영열,15년6개월,8년7개월,22,"175,742",,,,
교보악사자산운용,이병수,11년3개월,9년2개월,9,"474,577",,,,
교보악사자산운용,이용신,13년4개월,6년1개월,2,"9,325",,,,
교보악사자산운용,이인후,3년8개월,3년8개월,9,"80,867",,,,
교보악사자산운용,임지영,17년5개월,17년5개월,12,"1,004,729",,,,
교보악사자산운용,장석진,2년1개월,1년2개월,2,"20,423",,,,
교보악사자산운용,장영,0년4개월,0년4개월,9,"21,424",,,,
교보악사자산운용,전병기,6년9개월,4년3개월,5,"8,462",,,,
교보악사자산운용,정지웅,1년9개월,1년9개월,2,"330,624",,,,
교보악사자산운용,주민근,7년0개월,0년1개월,1,"7,015",,,,
교보악사자산운용,최동철,1년6개월,0년8개월,1,"130,633",,,,
교보악사자산운용,최상수,0년10개월,0년10개월,1,"16,086",,,,
교보악사자산운용,최지원,0년7개월,0년7개월,1,"10,018",,,,
교보악사자산운용,한형기,7년5개월,0년3개월,5,"35,735",,,,
교보악사자산운용,허승엽,5년7개월,4년0개월,5,"8,226,904",,,,
교보악사자산운용,홍보화,5년9개월,5년9개월,7,"8,402,128",,,,
교보악사자산운용,홍장희,20년4개월,8년0개월,5,"1,755,950",,,,
골든브릿지자산운용,조국진,3년2개월,3년2개월,9,87293,,,,
다올자산운용,구경서,12년5개월,2년11개월,4," 438,348 ",,,,
다올자산운용,김지성,4년4개월,4년4개월,9," 130,281 ",,,,
다올자산운용,박은지,1년1개월,0년2개월,4," 72,675 ",,,,
다올자산운용,성준석,7년11개월,6년1개월,2," 65,901 ",,,,
다올자산운용,송태우,7년3개월,0년2개월,7," 90,412 ",,,,
다올자산운용,우형진,13년9개월,6년10개월,18," 3,078,943 ",,,,
다올자산운용,위민복,1년3개월,1년3개월,11," 106,289 ",,,,
다올자산운용,이상재,1년9개월,1년9개월,7," 98,890 ",,,,
다올자산운용,이종찬,4년5개월,4년5개월,9," 73,832 ",,,,
다올자산운용,이종희,4년6개월,1년9개월,1, 249 ,,,,
다올자산운용,이혁재,3년4개월,3년4개월,11," 422,661 ",,,,
다올자산운용,장희준,4년8개월,3년11개월,12," 839,170 ",,,,
다올자산운용,전무석,5년1개월,1년5개월,8," 259,687 ",,,,
다올자산운용,전양민,3년8개월,2년5개월,2," 65,901 ",,,,
다올자산운용,전우석,12년4개월,5년6개월,10," 329,212 ",,,,
다올자산운용,전홍빈,2년2개월,2년2개월,3," 2,819,517 ",,,,
다올자산운용,조혜영,3년4개월,0년5개월,1," 2,558,260 ",,,,
대신자산운용,강명숙,2년7개월,1년11개월,11,134880,,,,
대신자산운용,김우주,6년6개월,1년6개월,2,13438,,,,
대신자산운용,김종현,3년1개월,3년1개월,9,87277,,,,
대신자산운용,김회현,6년0개월,6년0개월,4,2311322,,,,
대신자산운용,나중혁,2년4개월,2년4개월,10,108773,,,,
대신자산운용,박주환,1년1개월,1년1개월,1,16203,,,,
대신자산운용,박혜정,6년5개월,2년9개월,2,5636,,,,
대신자산운용,오은지,2년3개월,2년3개월,11,104670,,,,
대신자산운용,이창훈,2년6개월,2년6개월,19,111893,,,,
대신자산운용,임동영,11년0개월,11년0개월,1,3279,,,,
대신자산운용,임준범,1년10개월,1년10개월,5,86936,,,,
대신자산운용,정만성,16년7개월,16년7개월,3,273118,,,,
대신자산운용,정상민,13년10개월,13년10개월,2,87836,,,,
대신자산운용,최준영,9년6개월,5년4개월,9,10933,,,,
대신자산운용,최진혁,7년0개월,4년0개월,12,130807,,,,
대신자산운용,황호봉,5년8개월,3년7개월,4,19074,,,,
더제이자산운용,전승환,3년0개월,2년6개월,1,38677,,,,
더제이자산운용,최광욱,8년3개월,2년6개월,1,38677,0,,,
디더블유에스자산운용,변현수,16년1개월,16년1개월,1,8574,,,,
디더블유에스자산운용,이정원,17년9개월,17년9개월,5,9834,,,,
DB자산운용,JUNG HYEIN,2년7개월,0년4개월,6,75151,,,,
DB자산운용,권순규,0년11개월,0년11개월,2,23907,,,,
DB자산운용,김다혜,11년3개월,10년1개월,8,44528,,,,
DB자산운용,김은희,7년4개월,6년1개월,1,107869,,,,
DB자산운용,김지혜,7년7개월,7년7개월,18,57732,,,,
DB자산운용,박성식,0년2개월,0년2개월,2,10949,,,,
DB자산운용,박승찬,1년2개월,1년2개월,5,36384,,,,
DB자산운용,박일규,3년5개월,0년2개월,4,98251,,,,
DB자산운용,성민형,6년1개월,6년1개월,2,3546715,,,,
DB자산운용,손종민,0년2개월,0년2개월,6,5824,,,,
DB자산운용,염동훈,7년3개월,5년8개월,14,119680,,,,
DB자산운용,이상길,1년3개월,1년3개월,11,236705,,,,
DB자산운용,이수현,1년1개월,1년1개월,5,40568,,,,
DB자산운용,이승구,10년11개월,0년1개월,2,14094,,,,
DB자산운용,이승택,2년7개월,2년7개월,6,44467,,,,
DB자산운용,이우중,1년10개월,1년10개월,8,398342,,,,
DB자산운용,이재권,3년4개월,3년4개월,3,46840,,,,
DB자산운용,이주경,5년1개월,3년5개월,5,149939,,,,
DB자산운용,이진욱,10년3개월,2년9개월,5,70315,,,,
DB자산운용,이태희,11년0개월,4년2개월,4,3837083,,,,
DB자산운용,전상곤,7년5개월,2년11개월,5,166710,,,,
DB자산운용,정승호,13년1개월,6년2개월,12,252226,,,,
DB자산운용,정해관,1년5개월,1년5개월,5,40199,,,,
DB자산운용,조항준,4년10개월,2년9개월,8,86976,,,,
DB자산운용,최정윤,0년5개월,0년5개월,1,4268,,,,
DB자산운용,홍은주,0년10개월,0년10개월,2,23716,,,,
DB자산운용,홍은표,13년5개월,13년3개월,21,108061,,,,
디에스자산운용,김창진,0년0개월,0년0개월,1,71438,,,,
디에스자산운용,황현철,1년3개월,1년3개월,1,71438,,,,
마이다스에셋자산운용,기민수,12년2개월,5년7개월,18,1476145,,,,
마이다스에셋자산운용,김기태,0년3개월,0년3개월,1,43831,,,,
마이다스에셋자산운용,김민수,13년6개월,7년5개월,15,574753,,,,
마이다스에셋자산운용,김연우,4년6개월,4년6개월,3,889582,,,,
마이다스에셋자산운용,김영준,3년5개월,0년4개월,1,213461,,,,
마이다스에셋자산운용,김예리,15년10개월,12년1개월,11,238266,,,,
마이다스에셋자산운용,김인수,0년1개월,0년1개월,3,124080,,,,
마이다스에셋자산운용,김재현,4년2개월,4년2개월,4,53046,,,,
마이다스에셋자산운용,김현중,13년3개월,13년3개월,1,22941,,,,
마이다스에셋자산운용,서준현,0년8개월,0년4개월,2,58537,,,,
마이다스에셋자산운용,신원상,0년1개월,0년1개월,7,45300,,,,
마이다스에셋자산운용,신진호,13년3개월,13년3개월,7,268982,,,,
마이다스에셋자산운용,오남훈,13년3개월,13년3개월,13,121347,,,,
마이다스에셋자산운용,유주형,10년0개월,10년0개월,14,151355,,,,
마이다스에셋자산운용,이천주,17년6개월,4년2개월,14,242722,,,,
마이다스에셋자산운용,이호영,3년2개월,1년8개월,8,120679,,,,
마이다스에셋자산운용,조웅배,0년8개월,0년8개월,4,30814,,,,
마이다스에셋자산운용,채광국,0년4개월,0년4개월,1,50256,,,,
맥쿼리자산운용,박진욱,5년10개월,5년10개월,1,3297209,,,,
맥쿼리자산운용,정재우,9년4개월,9년4개월,1,3297209,,,,
머스트자산운용,김두용,1년0개월,1년0개월,1,133944,,,,
머스트자산운용,정기홍,1년0개월,1년0개월,1,133944,,,,
미래에셋자산운용,YANG CHARLES,1년5개월,0년6개월,2,28386,,,,
미래에셋자산운용,고영서,3년6개월,3년6개월,2,231027,,,,
미래에셋자산운용,구본원,2년0개월,2년0개월,1,23395,,,,78
미래에셋자산운용,구용덕,18년7개월,18년1개월,6,162840,,,,
미래에셋자산운용,권태오,11년9개월,7년6개월,3,2922218,,,,
미래에셋자산운용,김건중,5년1개월,5년1개월,2,126490,,,,
미래에셋자산운용,김남호,5년0개월,5년0개월,24,19320763,,,,
미래에셋자산운용,김도로,0년7개월,0년7개월,3,2498952,,,,
미래에셋자산운용,김동명,4년11개월,0년3개월,2,2028664,,,,
미래에셋자산운용,김동환,3년0개월,3년0개월,4,59924,,,,
미래에셋자산운용,김명준,10년2개월,10년2개월,8,481520,,,,
미래에셋자산운용,김미혜,3년7개월,3년7개월,3,381935,,,,
미래에셋자산운용,김민수,0년10개월,0년10개월,1,5465135,,,,
미래에셋자산운용,김민수,1년4개월,0년10개월,18,15563408,,,,
미래에셋자산운용,김병석,5년5개월,4년3개월,27,3515084,,,,
미래에셋자산운용,김세환,5년4개월,5년4개월,1,135036,,,,
미래에셋자산운용,김수명,2년10개월,2년10개월,22,5924250,,,,
미래에셋자산운용,김승범,9년4개월,8년9개월,1,18728,,,,
미래에셋자산운용,김시은,0년1개월,0년1개월,1,309510,,,,
미래에셋자산운용,김예강,0년4개월,0년4개월,1,21082,,,,
미래에셋자산운용,김윤정,7년6개월,7년6개월,9,310696,,,,
미래에셋자산운용,김정수,11년9개월,11년9개월,3,63951,,,,
미래에셋자산운용,김정욱,8년5개월,8년5개월,11,4691280,,,,
미래에셋자산운용,김지연,5년6개월,5년6개월,43,4148201,,,,
미래에셋자산운용,김진하,17년3개월,17년3개월,6,244211,,,,
미래에셋자산운용,김태영,0년0개월,0년0개월,1,515231,,,,
미래에셋자산운용,김휘겸,1년8개월,1년8개월,24,19473870,,,,
미래에셋자산운용,류연지,2년3개월,0년1개월,1,309510,,,,
미래에셋자산운용,박건웅,1년10개월,1년10개월,1,226051,,,,
미래에셋자산운용,박경륜,7년2개월,7년2개월,21,188646,,,,
미래에셋자산운용,박상헌,0년7개월,0년7개월,1,8346,,,,
미래에셋자산운용,박주선,1년10개월,1년10개월,3,451533,,,,
미래에셋자산운용,박현수,2년5개월,2년5개월,3,89152,,,,
미래에셋자산운용,백종원,0년5개월,0년5개월,12,426076,,,,
미래에셋자산운용,서윤석,5년9개월,5년9개월,2,39897,,,,
미래에셋자산운용,서재춘,19년9개월,19년9개월,9,958503,,,,
미래에셋자산운용,손재현,0년7개월,0년7개월,1,8346,,,,
미래에셋자산운용,송시형,9년8개월,9년8개월,1,3654,,,,
미래에셋자산운용,송재원,2년8개월,2년8개월,1,13509,,,,
미래에셋자산운용,송진용,19년0개월,19년0개월,331,9071218,,,,
미래에셋자산운용,신승우,4년6개월,4년6개월,45,14153289,,,,
미래에셋자산운용,신재훈,15년6개월,15년6개월,4,587423,,,,
미래에셋자산운용,유의형,5년0개월,5년0개월,4,392870,,,,
미래에셋자산운용,윤병호,10년10개월,10년10개월,2,116560,,,,
미래에셋자산운용,이도선,2년8개월,2년8개월,25,16599543,,,,
미래에셋자산운용,이상명,9년3개월,9년3개월,2,77351,,,,
미래에셋자산운용,이슬,7년0개월,7년0개월,4,56457,,,,
미래에셋자산운용,이원준,4년3개월,4년3개월,1,43732,,,,
미래에셋자산운용,이정범,6년4개월,6년4개월,3,49695,,,,
미래에셋자산운용,이정환,12년6개월,4년2개월,2,113317,,,,
미래에셋자산운용,이종민,1년9개월,1년9개월,45,8743078,,,,
미래에셋자산운용,이창헌,9년0개월,9년0개월,2,114269,,,,
미래에셋자산운용,이현경,17년10개월,17년5개월,7,677461,,,,
미래에셋자산운용,이호년,0년10개월,0년10개월,28,3566926,,,,
미래에셋자산운용,장효인,0년7개월,0년7개월,1,18728,,,,
미래에셋자산운용,정대진,9년3개월,9년3개월,2,55836,,,,
미래에셋자산운용,정도옥,2년4개월,2년4개월,1,6206,,,,
미래에셋자산운용,정원택,10년1개월,10년1개월,1,4832,,,,
미래에셋자산운용,정의현,8년9개월,5년6개월,44,10675507,,,,
미래에셋자산운용,정재은,2년7개월,2년7개월,1,33448,,,,
미래에셋자산운용,정한섭,6년8개월,6년8개월,4,497993,,,,
미래에셋자산운용,정희석,4년4개월,4년4개월,2,24916,,,,
미래에셋자산운용,최진영,7년2개월,7년2개월,4,699753,,,,
미래에셋자산운용,최창훈,18년6개월,18년6개월,3,692073,,,,
미래에셋자산운용,하민정,3년3개월,3년3개월,12,3286303,,,,
미래에셋자산운용,한유진,1년4개월,1년4개월,23,5671794,,,,
미래에셋자산운용,홍상준,4년6개월,4년6개월,1,47940,,,,
미래에셋자산운용,홍성범,7년9개월,7년0개월,2,22281,,,,
미래에셋자산운용,홍솔,5년6개월,5년6개월,1,11919,,,,
미래에셋자산운용,황영진,9년6개월,9년6개월,13,608545,,,,
밸류시스템자산운용,양기정,1년2개월,1년2개월,2,8945,,,,
베어링자산운용,김범석,21년6개월,21년6개월,3,73754,,,,
베어링자산운용,김지영,14년6개월,13년6개월,7,713609,,,,
베어링자산운용,김혜용,1년1개월,1년1개월,1,1641,,,,
베어링자산운용,박장호,7년10개월,7년10개월,3,66642,,,,
베어링자산운용,송유진,9년8개월,9년8개월,7,24504,,,,
베어링자산운용,송준혁,18년5개월,11년0개월,2,4656,,,,
베어링자산운용,신광선,19년6개월,11년8개월,2,5868,,,,
베어링자산운용,안동길,13년5개월,10년4개월,14,167610,,,,
베어링자산운용,이준동,1년11개월,1년11개월,8,24006,,,,
베어링자산운용,최상현,18년4개월,12년6개월,12,725773,,,,
베어링자산운용,최준호,3년10개월,3년10개월,1,10716,,,,
브레인자산운용,이성민,1년4개월,1년4개월,1,26064,,,,
브레인자산운용,황인선,3년0개월,3년0개월,1,26064,,,,
브이아이자산운용,SONG EUN JEONG,2년3개월,2년3개월,11,127490,,,,
브이아이자산운용,강경모,1년10개월,0년11개월,5,33242,,,,
브이아이자산운용,고정석,3년4개월,0년3개월,7,19820,,,,
브이아이자산운용,곽두연,0년0개월,0년0개월,1,160123,,,,
브이아이자산운용,곽소담,5년4개월,5년4개월,25,1660015,,,,
브이아이자산운용,구지환,1년6개월,1년6개월,3,241936,,,,
브이아이자산운용,김보국,10년8개월,4년1개월,29,479158,,,,
브이아이자산운용,김연수,17년6개월,17년6개월,1,1535,0,,,
브이아이자산운용,김정민,10년7개월,0년7개월,5,8966,,,,
브이아이자산운용,김정엽,3년4개월,3년4개월,3,23060,,,,
브이아이자산운용,김태현,0년1개월,0년1개월,1,10704,,,,
브이아이자산운용,김환익,7년3개월,7년3개월,7,1256310,,,,
브이아이자산운용,이세웅,2년3개월,2년3개월,6,133129,,,,
브이아이자산운용,이승규,0년1개월,0년1개월,1,20037,,,,
브이아이자산운용,이하준,8년4개월,8년4개월,11,55832,,,,
브이아이자산운용,임성철,1년1개월,1년1개월,9,67118,,,,
브이아이자산운용,조재익,0년7개월,0년7개월,10,108734,,,,
브이아이자산운용,조혜린,2년3개월,2년3개월,2,25589,,,,
브이아이자산운용,황인송,0년9개월,0년9개월,1,2315,,,,
브이아이자산운용,황재연,10년9개월,10년9개월,16,74701,,,,
브이아이피자산운용,김민국,2년4개월,2년4개월,1,693391,,,,
브이아이피자산운용,박성재,2년4개월,2년4개월,1,693391,,,,
브이아이피자산운용,조창현,2년4개월,2년4개월,1,693391,,,,
브이아이피자산운용,최준철,2년5개월,2년5개월,1,693391,,,,
브이자산운용,김주호,1년4개월,1년4개월,16,52826,,,,
브이자산운용,박진환,2년11개월,2년11개월,15,26182,,,,
브이자산운용,오승훈,3년1개월,3년1개월,10,59933,,,,
브이자산운용,윤성주,19년4개월,3년3개월,15,190599,,,,
비엔케이(BNK)자산운용,강세진,10년8개월,2년0개월,3,65942,,,,
비엔케이(BNK)자산운용,권기훈,0년8개월,0년8개월,5,56190,,,,
비엔케이(BNK)자산운용,권민정,0년6개월,0년6개월,4,42867,,,,
비엔케이(BNK)자산운용,김동연,0년10개월,0년10개월,12,312584,,,,
비엔케이(BNK)자산운용,김우람,4년8개월,4년8개월,6,74448,,,,
비엔케이(BNK)자산운용,김혜진,0년9개월,0년9개월,2,4440913,,,,
비엔케이(BNK)자산운용,박지은,6년3개월,2년11개월,1,8386,,,,
비엔케이(BNK)자산운용,박진걸,2년9개월,2년9개월,5,144956,,,,
비엔케이(BNK)자산운용,성동원,7년4개월,4년7개월,11,204032,,,,
비엔케이(BNK)자산운용,오준완,15년3개월,6년5개월,7,102801,,,,
비엔케이(BNK)자산운용,윤영국,5년6개월,5년6개월,5,56190,,,,
비엔케이(BNK)자산운용,이건민,10년4개월,7년5개월,8,36449,,,,
비엔케이(BNK)자산운용,이승건,6년4개월,6년4개월,3,4549465,,,,
비엔케이(BNK)자산운용,조동훈,5년2개월,5년2개월,8,30250,,,,
비엔케이(BNK)자산운용,한경래,0년8개월,0년8개월,1,29395,,,,
삼성액티브자산운용,CHO HUGH HARNGID,0년11개월,0년11개월,1,6124,,,,
삼성액티브자산운용,강동욱,0년7개월,0년7개월,2,426,,,,
삼성액티브자산운용,김주연,2년7개월,2년7개월,4,153874,,,,
삼성액티브자산운용,김지운,12년6개월,10년7개월,1,73902,,,,
삼성액티브자산운용,김효식,1년7개월,1년7개월,1,11608,,,,
삼성액티브자산운용,김희덕,1년5개월,1년1개월,3,26980,,,,
삼성액티브자산운용,남은영,4년1개월,1년6개월,3,118732,,,,
삼성액티브자산운용,심주현,2년1개월,2년1개월,1,161923,,,,
삼성액티브자산운용,양희창,1년8개월,1년8개월,2,115041,,,,
삼성액티브자산운용,정대호,7년0개월,7년0개월,1,15268,,,,
삼성액티브자산운용,조용화,5년3개월,2년6개월,4,77526,,,,
삼성액티브자산운용,지성진,0년8개월,0년8개월,1,22426,,,,
삼성액티브자산운용,한연우,4년6개월,1년6개월,2,36096,,,,
삼성자산운용,LEE SEUNG HYUN,5년10개월,2년9개월,6,82845,,,,
삼성자산운용,곽성환,1년11개월,1년3개월,12,121169,,,,
삼성자산운용,곽태원,4년9개월,3년11개월,9,5256117,,,,
삼성자산운용,권구황,6년1개월,2년0개월,2,403781,,,,
삼성자산운용,권순길,5년4개월,5년4개월,7,171931,,,,
삼성자산운용,김누리,1년1개월,1년1개월,5,963,,,,
삼성자산운용,김도윤,7년7개월,5년8개월,1,11494,,,,
삼성자산운용,김동한,3년4개월,3년4개월,21,225821,,,,
삼성자산운용,김두남,20년4개월,20년1개월,1,2130,,,,
삼성자산운용,김선화,7년9개월,7년9개월,9,968843,,,,
삼성자산운용,김성민,2년9개월,2년9개월,10,35480,,,,
삼성자산운용,김세진,1년1개월,1년1개월,1,17557,,,,
삼성자산운용,김시헌,10년4개월,10년4개월,9,9191254,,,,
삼성자산운용,김재훈,5년8개월,2년6개월,3,225524,,,,
삼성자산운용,김정현,1년4개월,1년4개월,11,1280737,,,,
삼성자산운용,김준우,6년9개월,3년3개월,34,368443,,,,
삼성자산운용,김진평,4년4개월,1년8개월,23,316914,,,,
삼성자산운용,김천흥,7년10개월,3년7개월,12,1143179,,,,
삼성자산운용,김태민,3년3개월,1년6개월,2,42164,,,,
삼성자산운용,류종하,3년4개월,0년7개월,4,4621,,,,
삼성자산운용,마승현,6년11개월,4년1개월,18,4494525,,,,
삼성자산운용,문현욱,4년6개월,0년2개월,18,2297769,,,,
삼성자산운용,박경세,2년4개월,2년4개월,49,482750,,,,
삼성자산운용,박성철,7년2개월,7년2개월,7,4460514,,,,
삼성자산운용,박원정,9년5개월,3년5개월,10,468411,,,,
삼성자산운용,서민웅,3년7개월,3년7개월,64,811294,,,,
삼성자산운용,서보경,8년4개월,8년4개월,1,57009,,,,
삼성자산운용,손은정,1년5개월,1년5개월,5,143771,,,,
삼성자산운용,송아현,2년2개월,2년2개월,19,1457510,,,,
삼성자산운용,신재광,8년2개월,8년2개월,21,1795300,,,,
삼성자산운용,신현진,0년7개월,0년7개월,8,3529650,,,,
삼성자산운용,오병철,5년2개월,5년2개월,4,117007,,,,
삼성자산운용,유아란,3년0개월,3년0개월,8,12549490,,,,
삼성자산운용,윤상아,14년10개월,14년10개월,3,93045,,,,
삼성자산운용,윤성인,3년3개월,3년3개월,3,18990111,,,,
삼성자산운용,이가현,4년1개월,1년6개월,17,1471784,,,,
삼성자산운용,이경원,6년10개월,3년7개월,27,1622931,,,,
삼성자산운용,이대환,5년5개월,5년5개월,19,5872134,,,,
삼성자산운용,이상준,6년8개월,3년7개월,5,3126776,,,,
삼성자산운용,이성재,1년3개월,1년3개월,6,28660,,,,
삼성자산운용,이윤희,10년5개월,6년4개월,9,5126,,,,
삼성자산운용,이재열,18년5개월,14년5개월,5,261631,,,,
삼성자산운용,이정택,4년10개월,4년10개월,5,504145,,,,
삼성자산운용,이준재,4년4개월,4년4개월,19,9669400,,,,
삼성자산운용,이채호,0년7개월,0년7개월,3,3020586,,,,
삼성자산운용,이태규,4년3개월,4년3개월,8,7454590,,,,
삼성자산운용,임병효,3년4개월,3년4개월,20,395945,,,,
삼성자산운용,임태혁,13년3개월,11년4개월,1,169071,,,,
삼성자산운용,장종협,3년6개월,3년6개월,6,347322,,,,
삼성자산운용,장현준,11년5개월,9년4개월,13,388680,,,,
삼성자산운용,정재욱,11년9개월,9년6개월,10,10679171,,,,
삼성자산운용,조현주,11년2개월,2년7개월,2,59302,,,,
삼성자산운용,조형호,3년4개월,3년4개월,2,27474,,,,
삼성자산운용,최윤성,3년11개월,0년6개월,2,895350,,,,
삼성자산운용,한동훈,3년5개월,3년5개월,21,2679031,,,,
삼성자산운용,홍창수,2년5개월,0년7개월,5,169965,,,,
삼성자산운용,황희영,8년2개월,8년2개월,4,26325,,,,
슈로더투자신탁운용,김락,19년1개월,19년1개월,23,475750,,,,
스팍스자산운용,김한준,14년4개월,9년11개월,1,19976,,,,
스팍스자산운용,노기영,6년2개월,2년5개월,1,20965,,,,
스팍스자산운용,서경철,1년0개월,1년0개월,1,534,,,,
신영자산운용,김화진,16년4개월,16년4개월,22,1765186,,,,
신영자산운용,노신윤,9년6개월,0년4개월,11,142737,,,,
신영자산운용,박영훈,3년10개월,3년10개월,15,1628420,,,,
신영자산운용,박찬형,0년2개월,0년2개월,4,2442875,,,,
신영자산운용,박하나,12년9개월,1년2개월,39,3292722,,,,
신영자산운용,심창훈,9년7개월,9년7개월,39,3291504,,,,
신영자산운용,원주영,20년9개월,20년9개월,30,945809,,,,
신영자산운용,이상진,1년1개월,1년1개월,5,91564,,,,
신영자산운용,이선규,1년1개월,1년1개월,2,29502,,,,
신영자산운용,이준영,1년1개월,1년1개월,1,13540,,,,
신영자산운용,이혁원,0년8개월,0년8개월,2,30073,,,,
신영자산운용,정송훈,0년9개월,0년9개월,3,91198,,,,
신영자산운용,조영수,2년11개월,2년11개월,9,155143,,,,
신영자산운용,황명찬,2년4개월,0년1개월,2,19012,,,,
신한자산운용,park jung ho,8년1개월,8년1개월,38,353882,,,,
신한자산운용,강재명,0년10개월,0년10개월,1,19868,,,,
신한자산운용,강찬홍,6년7개월,6년7개월,2,2100653,,,,
신한자산운용,강판석,1년10개월,1년10개월,3,831798,,,,
신한자산운용,고영훈,8년3개월,3년5개월,13,255202,,,,
신한자산운용,권수철,5년8개월,0년1개월,1,12301,,,,
신한자산운용,권순규,1년9개월,1년9개월,5,57610,,,,
신한자산운용,권용현,3년4개월,1년10개월,4,101385,,,,
신한자산운용,김경태,5년1개월,5년1개월,16,12705776,,,,
신한자산운용,김기덕,6년0개월,3년5개월,5,48461,,,,
신한자산운용,김민성,2년3개월,2년3개월,12,2505629,,,,
신한자산운용,김성훈,17년9개월,13년11개월,29,1207818,,,,
신한자산운용,김영강,0년11개월,0년11개월,4,862339,,,,
신한자산운용,김의찬,6년4개월,6년4개월,14,1135825,,,,
신한자산운용,김재정,15년7개월,8년6개월,56,2382277,,,,
신한자산운용,김주영,21년2개월,17년0개월,7,238769,,,,
신한자산운용,김지민,0년5개월,0년5개월,7,158608,,,,
신한자산운용,김지윤,3년1개월,3년1개월,5,36038,,,,
신한자산운용,김택주,4년6개월,1년7개월,9,60843,,,,
신한자산운용,김한솔,2년4개월,2년4개월,4,416990,,,,
신한자산운용,나진아,2년4개월,2년4개월,14,69017,,,,
신한자산운용,문동욱,3년11개월,0년2개월,8,15932,,,,
신한자산운용,박민수,2년3개월,2년3개월,15,615118,,,,
신한자산운용,박시은,1년11개월,1년11개월,13,36164,,,,
신한자산운용,박정원,4년1개월,4년1개월,21,2355898,,,,
신한자산운용,서병욱,20년1개월,16년11개월,27,132127,,,,
신한자산운용,서형인,0년4개월,0년4개월,13,46006,,,,
신한자산운용,송우언,2년2개월,2년2개월,9,77293,,,,
신한자산운용,송한상,5년2개월,5년2개월,3,2100748,,,,
신한자산운용,신하늬,8년9개월,8년9개월,18,75264,,,,
신한자산운용,신희재,2년8개월,2년8개월,15,71993,,,,
신한자산운용,안상훈,8년8개월,8년8개월,6,1314691,,,,
신한자산운용,양찬규,11년4개월,11년4개월,24,595487,,,,
신한자산운용,오규찬,20년1개월,19년9개월,19,126838,,,,
신한자산운용,오형석,5년8개월,3년9개월,18,2187147,,,,
신한자산운용,유새롬,3년1개월,3년1개월,7,146796,,,,
신한자산운용,윤장한,2년1개월,2년1개월,29,188539,,,,
신한자산운용,윤종원,4년0개월,2년1개월,16,286851,,,,
신한자산운용,윤지상,0년2개월,0년2개월,1,11749,,,,
신한자산운용,이유라,7년1개월,7년1개월,10,434705,,,,
신한자산운용,이유정,6년7개월,6년7개월,12,254964,,,,
신한자산운용,이철,7년6개월,0년3개월,8,27475,,,,
신한자산운용,장홍전,2년8개월,2년8개월,6,337268,,,,
신한자산운용,전형래,3년9개월,3년9개월,25,460543,,,,
신한자산운용,정성한,15년0개월,10년10개월,10,434705,,,,
신한자산운용,정지원,5년1개월,5년1개월,48,2128770,,,,
신한자산운용,조성호,6년2개월,6년2개월,1,2217,,,,
신한자산운용,채경섭,9년9개월,1년6개월,3,31207,,,,
신한자산운용,최보경,0년4개월,0년4개월,9,21918,,,,
신한자산운용,최승우,6년0개월,2년10개월,38,6563175,,,,
신한자산운용,최지호,7년5개월,7년5개월,1,49818,,,,
신한자산운용,함유미,0년5개월,0년5개월,8,371605,,,,
신한자산운용,허승찬,12년9개월,3년0개월,16,12716396,,,,
신한자산운용,허익서,8년0개월,5년1개월,6,1574385,,,,
아이비케이(IBK)자산운용,PIAO SUYAN,6년8개월,4년8개월,21,290015,,,,
아이비케이(IBK)자산운용,김대진,2년5개월,1년10개월,37,952803,,,,
아이비케이(IBK)자산운용,김영민,2년8개월,2년8개월,3,10944057,,,,
아이비케이(IBK)자산운용,김정훈,8년1개월,0년7개월,4,4552,,,,
아이비케이(IBK)자산운용,김찬우,0년5개월,0년5개월,3,24203,,,,
아이비케이(IBK)자산운용,김현수,22년3개월,18년2개월,4,20804,,,,
아이비케이(IBK)자산운용,노수현,0년1개월,0년1개월,2,34931,,,,
아이비케이(IBK)자산운용,라병철,2년8개월,2년8개월,1,6164,,,,
아이비케이(IBK)자산운용,류현욱,18년5개월,6년0개월,24,320159,,,,
아이비케이(IBK)자산운용,박상욱,7년9개월,2년8개월,5,46829,,,,
아이비케이(IBK)자산운용,배윤준,16년3개월,16년3개월,3,10944057,,,,
아이비케이(IBK)자산운용,신준형,16년9개월,16년9개월,25,332218,,,,
아이비케이(IBK)자산운용,심우현,1년10개월,1년10개월,10,25530,,,,
아이비케이(IBK)자산운용,이동윤,1년5개월,1년5개월,1,4015,,,,
아이비케이(IBK)자산운용,정서현,2년8개월,2년8개월,15,189750,,,,
아이엠에셋자산운용,강동민,2년11개월,2년2개월,10,364574,,,,
아이엠에셋자산운용,강성호,14년6개월,5년3개월,24,243388,,,,
아이엠에셋자산운용,김동현,7년7개월,0년5개월,5,251270,,,,
아이엠에셋자산운용,김민주,1년1개월,1년1개월,10,364574,,,,
아이엠에셋자산운용,박대업,4년0개월,4년0개월,8,144914,,,,
아이엠에셋자산운용,박정근,11년3개월,3년4개월,1,31387,,,,
아이엠에셋자산운용,서진희,2년11개월,2년11개월,8,144914,,,,
아이엠에셋자산운용,신재석,0년11개월,0년11개월,1,31387,,,,
아이엠에셋자산운용,신정섭,6년3개월,3년1개월,1,61262,,,,
아이엠에셋자산운용,오찬수,2년3개월,2년3개월,4,67823,,,,
아이엠에셋자산운용,홍정의,3년0개월,3년0개월,4,67823,,,,
아이엠에셋자산운용,황지혜,0년1개월,0년1개월,24,243388,,,,
알파자산운용,서준영,0년1개월,0년1개월,3,40558,,,,
알파자산운용,안병주,2년0개월,0년5개월,3,40558,192,,,
얼라이언스번스틴(Alianz Bernstein)자산운용,유재흥,17년0개월,13년7개월,13,2047351,,,,
얼라이언스번스틴(Alianz Bernstein)자산운용,이재욱,2년9개월,2년9개월,13,2047351,,,,
에셋플러스자산운용,강자인,7년7개월,7년7개월,17,366840,,,,
에셋플러스자산운용,고태훈,8년3개월,8년3개월,20,499435,,,,
에셋플러스자산운용,윤소영,0년3개월,0년3개월,2,50628,,,,
에셋플러스자산운용,이민규,0년1개월,0년1개월,6,149789,,,,
에셋플러스자산운용,이승우,10년7개월,8년4개월,14,848897,,,,
에셋플러스자산운용,정석훈,17년1개월,17년1개월,6,648480,,,,
에셋플러스자산운용,진준서,6년4개월,6년4개월,16,852800,,,,
에셋플러스자산운용,최대영,3년6개월,3년6개월,6,648480,,,,
에이치디씨(HDC)자산운용,여다혜,0년5개월,0년5개월,1,3359,,,,
에이치디씨(HDC)자산운용,연제호,0년4개월,0년4개월,1,641,,,,
에이치디씨(HDC)자산운용,유동옥,7년3개월,1년0개월,5,50319,,,,
에이치디씨(HDC)자산운용,장승성,3년5개월,3년5개월,6,70953,,,,
에이치디씨(HDC)자산운용,정동욱,10년10개월,4년1개월,6,43740,,,,
에이치디씨(HDC)자산운용,최우성,3년11개월,3년11개월,4,19748,,,,
에이치디씨(HDC)자산운용,허정기,15년6개월,3년1개월,9,135172,,,,
엔에이치아문디(NH-Amundi)자산운용,고건희,2년8개월,1년6개월,12,224344,,,,
엔에이치아문디(NH-Amundi)자산운용,권영훈,14년6개월,5년5개월,5,184353,,,,
엔에이치아문디(NH-Amundi)자산운용,김건형,2년0개월,2년0개월,1,21372,,,,
엔에이치아문디(NH-Amundi)자산운용,김석환,15년11개월,3년7개월,19,742350,,,,
엔에이치아문디(NH-Amundi)자산운용,김정훈,2년2개월,2년2개월,2,1352,,,,
엔에이치아문디(NH-Amundi)자산운용,김주용,3년7개월,2년1개월,1,34721,,,,
엔에이치아문디(NH-Amundi)자산운용,김주인,16년11개월,16년11개월,7,851720,,,,
엔에이치아문디(NH-Amundi)자산운용,김지연,3년11개월,3년10개월,18,895820,,,,
엔에이치아문디(NH-Amundi)자산운용,김태희,5년5개월,5년5개월,8,1036453,,,,
엔에이치아문디(NH-Amundi)자산운용,노진수,11년9개월,7년10개월,2,8506,,,,
엔에이치아문디(NH-Amundi)자산운용,박상현,3년3개월,3년3개월,1,574262,,,,
엔에이치아문디(NH-Amundi)자산운용,박진호,19년3개월,10년4개월,7,242460,,,,
엔에이치아문디(NH-Amundi)자산운용,송지연,8년10개월,1년5개월,4,7967275,,,,
엔에이치아문디(NH-Amundi)자산운용,신범주,3년7개월,2년0개월,4,208012,,,,
엔에이치아문디(NH-Amundi)자산운용,안인진,3년0개월,3년0개월,21,304325,,,,
엔에이치아문디(NH-Amundi)자산운용,안형준,5년1개월,5년1개월,7,379796,,,,
엔에이치아문디(NH-Amundi)자산운용,여현태,0년9개월,0년9개월,3,17564,,,,
엔에이치아문디(NH-Amundi)자산운용,이능규,3년2개월,2년3개월,12,103001,,,,
엔에이치아문디(NH-Amundi)자산운용,이도규,8년10개월,8년10개월,7,37350,0+B409:B438,,,
엔에이치아문디(NH-Amundi)자산운용,이원석,1년9개월,0년8개월,5,184353,,,,
엔에이치아문디(NH-Amundi)자산운용,이창훈,3년2개월,3년2개월,2,7306,,,,
엔에이치아문디(NH-Amundi)자산운용,이학승,6년0개월,4년8개월,5,336497,,,,
엔에이치아문디(NH-Amundi)자산운용,정승호,11년7개월,3년3개월,14,62196,,,,
엔에이치아문디(NH-Amundi)자산운용,정현욱,14년3개월,9년9개월,9,74428,,,,
엔에이치아문디(NH-Amundi)자산운용,정희석,14년4개월,11년5개월,7,387672,,,,
엔에이치아문디(NH-Amundi)자산운용,차영상,4년6개월,2년2개월,3,244818,,,,
엔에이치아문디(NH-Amundi)자산운용,최동근,4년3개월,2년1개월,23,939329,,,,
엔에이치아문디(NH-Amundi)자산운용,최치현,0년6개월,0년6개월,6,179774,,,,
엔에이치아문디(NH-Amundi)자산운용,최홍근,6년1개월,6년1개월,3,3507328,,,,
엔에이치아문디(NH-Amundi)자산운용,홍승관,0년4개월,0년4개월,1,403233,,,,
우리자산운용,김기범,4년4개월,2년11개월,17,376167,,,,
우리자산운용,김동환,12년6개월,12년6개월,2,4508886,,,,
우리자산운용,김재범,5년7개월,5년7개월,12,118456,,,,
우리자산운용,김종안,7년4개월,4년0개월,1,58958,,,,
우리자산운용,김준형,1년6개월,1년6개월,1,10783,,,,
우리자산운용,남승균,2년1개월,2년1개월,8,230370,,,,
우리자산운용,노기호,12년1개월,6년9개월,21,212203,,,,
우리자산운용,문혜민,2년0개월,2년0개월,21,149227,,,,
우리자산운용,박상하,3년5개월,3년5개월,14,164979,,,,
우리자산운용,박성진,5년1개월,5년1개월,7,108527,,,,
우리자산운용,박진희,0년5개월,0년5개월,4,30040,,,,
우리자산운용,박찬곤,4년6개월,1년9개월,6,13613450,,,,
우리자산운용,배세융,2년6개월,0년9개월,7,229054,,,,
우리자산운용,서보민,11년3개월,4년5개월,21,3385398,,,,
우리자산운용,서우석,11년11개월,3년7개월,12,68456,,,,
우리자산운용,오수민,1년6개월,1년6개월,13,64648,,,,
우리자산운용,우준식,9년3개월,9년3개월,10,136394,,,,
우리자산운용,윤여준,3년2개월,3년2개월,39,438953,,,,
우리자산운용,이상민,13년0개월,5년0개월,7,40112,,,,
우리자산운용,이호석,4년6개월,4년6개월,8,60698,,,,
우리자산운용,이희재,0년10개월,0년10개월,8,230370,,,,
우리자산운용,임성한,3년4개월,0년7개월,8,4069827,,,,
우리자산운용,정지윤,1년4개월,1년0개월,16,135521,,,,
우리자산운용,최영철,15년1개월,15년1개월,8,113101,,,,
우리자산운용,최홍석,1년6개월,1년6개월,16,360581,,,,
우리자산운용,홍성수,2년4개월,2년4개월,10,87085,,,,
우리자산운용,황우성,6년1개월,6년1개월,28,2991418,,,,
웰컴자산운용,김덕기,4년8개월,1년9개월,3,40737,,,,
웰컴자산운용,박승민,3년4개월,3년4개월,7,196132,,,,
웰컴자산운용,윤효성,2년3개월,2년3개월,8,226910,,,,
웰컴자산운용,이강국,11년8개월,2년1개월,3,51947,,,,
웰컴자산운용,정호,4년3개월,4년3개월,5,117264,,,,
웰컴자산운용,조일식,14년4개월,2년7개월,7,130808,,,,
웰컴자산운용,허숭구,3년7개월,0년2개월,9,468619,,,,
유경피에스지자산운용,김승현,0년1개월,0년1개월,1,12789,,,,
유경피에스지자산운용,김홍범,4년8개월,4년4개월,2,28624,,,,
유경피에스지자산운용,박병기,0년5개월,0년5개월,1,105999,,,,
유경피에스지자산운용,박정혁,9년11개월,2년4개월,3,36203,,,,
유리자산운용,김기둥,5년8개월,5년8개월,4,16913,,,,
유리자산운용,김정준,1년5개월,1년2개월,1,177378,,,,
유리자산운용,김창연,1년2개월,1년2개월,6,98609,,,,
유리자산운용,노승진,4년0개월,4년0개월,7,162760,,,,
유리자산운용,박주호,24년5개월,24년5개월,14,55721,,,,
유리자산운용,안재정,6년7개월,6년7개월,6,519423,,,,
유리자산운용,이준형,4년0개월,1년10개월,2,108080,,,,
유리자산운용,최재영,17년10개월,16년1개월,8,24476,,,,
유리자산운용,추연식,9년10개월,1년11개월,4,20768,,,,
유리자산운용,한진규,24년5개월,24년5개월,5,342045,,,,
유진자산운용,SHON DONG WHAN,3년8개월,3년8개월,2,10429,,,,
유진자산운용,김지민,6년7개월,5년10개월,9,70493,,,,
유진자산운용,박성진,3년8개월,3년8개월,6,3074389,,,,
유진자산운용,손주섭,1년4개월,1년4개월,1,400,,,,
유진자산운용,이정민,5년0개월,3년11개월,2,42821,,,,
유진자산운용,장현구,0년3개월,0년3개월,4,80602,,,,
유진자산운용,정재환,6년3개월,4년2개월,4,2988914,,,,
유진자산운용,조영환,0년0개월,0년0개월,5,21713,,,,
유진자산운용,최성진,3년4개월,2년1개월,6,3147176,,,,
유진자산운용,하석근,4년2개월,1년3개월,7,48943,,,,
이지스자산운용,강희선,5년2개월,5년2개월,1,13650,,,,
이지스자산운용,김주일,3년1개월,3년1개월,1,230574,,,,
이지스자산운용,김지현,1년2개월,1년2개월,1,20837,,,,
이지스자산운용,김지희,1년7개월,1년7개월,1,61536,,,,
이지스자산운용,남형록,6년9개월,6년9개월,1,187530,,,,
이지스자산운용,노선호,3년0개월,3년0개월,1,187530,,,,
이지스자산운용,신민재,5년5개월,5년5개월,3,473689,,,,
이지스자산운용,신소현,5년5개월,5년5개월,2,243115,,,,
이지스자산운용,이건희,5년7개월,5년2개월,1,13650,,,,
이지스자산운용,이규성,5년5개월,5년5개월,1,55585,,,,
이지스자산운용,이원석,2년1개월,2년1개월,1,230574,,,,
이지스자산운용,이진우,2년9개월,2년9개월,1,17000,,,,
이지스자산운용,이형철,2년2개월,2년2개월,1,61536,,,,
이지스자산운용,임주우,5년7개월,5년7개월,1,21670,,,,
이지스자산운용,정조민,1년2개월,1년2개월,1,20837,,,,
카디안자산운용,강민정,1년2개월,1년2개월,1,62409,,,,
카디안자산운용,고은,6년4개월,6년4개월,2,8610,,,,
카디안자산운용,문성빈,14년8개월,13년6개월,1,1963,,,,
카디안자산운용,박소영,11년3개월,11년3개월,2,4794,,,,
카디안자산운용,방대진,18년6개월,14년9개월,35,231156,,,,
카디안자산운용,변준,11년1개월,3년11개월,14,651632,,,,
카디안자산운용,오세인,6년4개월,6년4개월,1,62409,,,,
카디안자산운용,유민중,2년10개월,2년10개월,2,4039,,,,
카디안자산운용,이한별,2년1개월,2년1개월,1,253177,,,,
카디안자산운용,이휘서,1년2개월,1년2개월,1,9481,,,,
카디안자산운용,임창훈,4년3개월,4년3개월,6,116206,,,,
카디안자산운용,정세은,3년7개월,3년7개월,15,904808,,,,
카디안자산운용,조은서,5년11개월,5년11개월,24,38320,,,,
카디안자산운용,최용,7년10개월,6년6개월,6,116206,,,,
카디안자산운용,허해인,3년3개월,3년3개월,2,4039,,,,
카디안자산운용,황윤희,12년9개월,12년9개월,2,18855,,,,
칸서스자산운용,고재호,7년11개월,6년8개월,3,38185,,,,
칸서스자산운용,고호진,5년0개월,2년3개월,1,33450,,,,
칸서스자산운용,김도연,1년4개월,1년4개월,1,15337,,,,
칸서스자산운용,김명선,5년3개월,5년3개월,1,628,,,,
칸서스자산운용,양경수,2년8개월,1년9개월,2,48787,,,,
KB자산운용,강신영,6년9개월,3년10개월,19,2116606,,,,
KB자산운용,강은표,7년11개월,7년11개월,13,1420040,,,,
KB자산운용,강재구,2년6개월,2년6개월,12,242693,,,,
KB자산운용,구동현,0년7개월,0년7개월,1,14809,,,,
KB자산운용,김강일,8년9개월,7년8개월,21,1341494,,,,
KB자산운용,김경진,14년6개월,14년6개월,4,93160,,,,
KB자산운용,김고은,2년11개월,1년5개월,9,216448,,,,
KB자산운용,김대영,18년1개월,14년7개월,7,608780,,,,
KB자산운용,김동환,5년8개월,1년7개월,41,4124933,,,,
KB자산운용,김동희,5년8개월,5년8개월,2,6736,,,,
KB자산운용,김병걸,2년11개월,0년7개월,1,30911,,,,
KB자산운용,김빈나,2년5개월,2년1개월,7,613103,,,,
KB자산운용,김세진,0년4개월,0년4개월,3,13220,,,,
KB자산운용,김세희,9년0개월,7년3개월,4,30778,,,,
KB자산운용,김수혁,18년5개월,11년9개월,7,638697,,,,
KB자산운용,김정아,17년10개월,17년10개월,28,785578,,,,
KB자산운용,김채헌,1년3개월,1년3개월,10,63432,,,,
KB자산운용,김태영,3년0개월,3년0개월,24,8626943,,,,
KB자산운용,김홍곤,11년4개월,3년11개월,2,10977,,,,
KB자산운용,노아름,11년2개월,1년3개월,57,6713873,,,,
KB자산운용,류범준,10년4개월,4년7개월,31,2379953,,,,
KB자산운용,문인규,9년9개월,9년9개월,5,117993,,,,
KB자산운용,박서령,0년9개월,0년9개월,20,565536,,,,
KB자산운용,배호진,1년6개월,0년8개월,17,560431,,,,
KB자산운용,봉철우,3년11개월,3년5개월,13,1366738,,,,
KB자산운용,성낙현,2년4개월,1년6개월,41,9122911,,,,
KB자산운용,손경선,8년11개월,8년11개월,4,264491,,,,
KB자산운용,손하연,1년11개월,0년4개월,8,553517,,,,
KB자산운용,신민재,12년11개월,12년9개월,21,1600974,,,,
KB자산운용,신현우,2년6개월,0년10개월,13,412494,,,,
KB자산운용,심효섭,18년8개월,18년8개월,15,282914,,,,
KB자산운용,안지수,0년4개월,0년4개월,3,13220,,,,
KB자산운용,양은아,6년5개월,6년5개월,3,120312,,,,
KB자산운용,여동현,2년8개월,2년8개월,10,427273,,,,
KB자산운용,연치상,7년11개월,7년11개월,22,491379,,,,
KB자산운용,유병우,6년2개월,6년2개월,25,7026726,,,,
KB자산운용,윤선정,1년1개월,1년1개월,8,56034,,,,
KB자산운용,윤성노,4년2개월,4년2개월,19,753918,,,,
KB자산운용,윤여두,0년1개월,0년1개월,10,378975,,,,
KB자산운용,윤태환,14년3개월,9년11개월,8,140468,,,,
KB자산운용,이건형,2년3개월,1년6개월,4,88131,,,,
KB자산운용,이덕주,5년11개월,5년11개월,20,123791,,,,
KB자산운용,이도진,1년6개월,1년6개월,38,2341279,,,,
KB자산운용,이보은,4년4개월,4년4개월,5,14195531,,,,
KB자산운용,이상엽,3년6개월,2년8개월,8,333969,,,,
KB자산운용,이석호,7년1개월,6년4개월,20,1440161,,,,
KB자산운용,이은정,0년5개월,0년5개월,14,435344,,,,
KB자산운용,이재민,1년0개월,1년0개월,28,785578,,,,
KB자산운용,이종혁,17년9개월,17년9개월,8,986837,,,,
KB자산운용,장여선,3년3개월,2년9개월,14,18278022,,,,
KB자산운용,전연경,0년11개월,0년11개월,38,2367397,,,,
KB자산운용,정상우,9년11개월,9년11개월,36,24089421,,,,
KB자산운용,정원욱,7년0개월,0년3개월,6,267839,,,,
KB자산운용,정찬규,6년6개월,6년6개월,27,1770902,,,,
KB자산운용,조남석,3년8개월,3년1개월,6,29581,,,,
KB자산운용,주형준,15년4개월,8년4개월,37,2383209,,,,
KB자산운용,최용근,3년4개월,3년4개월,8,363950,,,,
KB자산운용,최창규,0년10개월,0년10개월,1,144179,,,,
KB자산운용,한기웅,0년4개월,0년4개월,4,142232,,,,
KB자산운용,허승재,18년8개월,15년10개월,5,232901,,,,
KB자산운용,황상욱,0년3개월,0년3개월,5,117993,,,,
케이씨지아이자산운용,강영수,4년6개월,1년8개월,19,870282,,,,
케이씨지아이자산운용,강예슬,1년9개월,1년9개월,6,826336,,,,
케이씨지아이자산운용,김형석,6년10개월,6년10개월,7,113903,,,,
케이씨지아이자산운용,김홍석,11년0개월,10년4개월,10,1026078,,,,
케이씨지아이자산운용,이가영,1년9개월,1년9개월,7,113903,,,,
케이씨지아이자산운용,홍사욱,11년6개월,0년1개월,12,621280,,,,
코레이트자산운용,박현,2년11개월,0년11개월,3,256586,,,,
코레이트자산운용,유승한,0년2개월,0년2개월,5,273903,,,,
코레이트자산운용,이재헌,14년0개월,7년10개월,8,4301017,,,,
키움투자자산운용,고병모,0년8개월,0년8개월,6,740863,,,,
키움투자자산운용,김민수,3년4개월,1년2개월,17,1622203,,,,
키움투자자산운용,김상미,12년11개월,12년11개월,4,68824,,,,
키움투자자산운용,김선우,7년7개월,7년7개월,7,17820,,,,
키움투자자산운용,김연찬,8년0개월,8년0개월,9,132796,,,,
키움투자자산운용,김용현,1년4개월,1년4개월,8,43144,,,,
키움투자자산운용,김용희,4년8개월,4년8개월,20,146184,,,,
키움투자자산운용,김은영,9년6개월,3년7개월,6,7564571,,,,
키움투자자산운용,김종협,13년7개월,11년8개월,36,947400,,,,
키움투자자산운용,김준영,2년3개월,년개월,1,2762147,,,,
키움투자자산운용,노영준,0년8개월,0년8개월,1,2957199,,,,
키움투자자산운용,박경식,19년2개월,19년2개월,24,2208552,,,,
키움투자자산운용,박세중,18년6개월,10년10개월,2,11514,,,,
키움투자자산운용,손희경,4년4개월,4년4개월,1,2957199,,,,
키움투자자산운용,승현철,4년8개월,4년8개월,13,2175924,,,,
키움투자자산운용,신용준,0년0개월,0년0개월,3,20891,,,,
키움투자자산운용,안형상,18년3개월,18년3개월,2,2449655,,,,
키움투자자산운용,양주경,6년9개월,6년2개월,12,74900,,,,
키움투자자산운용,오동준,5년1개월,0년0개월,1,11153,,,,
키움투자자산운용,오제형,4년3개월,4년3개월,13,44702,,,,
키움투자자산운용,우영길,0년4개월,0년4개월,3,12769,,,,
키움투자자산운용,이규,4년1개월,4년1개월,13,95038,,,,
키움투자자산운용,이길용,0년4개월,0년4개월,2,6235,,,,
키움투자자산운용,이대석,1년8개월,1년8개월,6,41006,,,,
키움투자자산운용,이동훈,5년11개월,5년11개월,5,144059,,,,
키움투자자산운용,이여울,0년4개월,0년4개월,10,10459,,,,
키움투자자산운용,이장원,7년1개월,1년0개월,25,2245694,,,,
키움투자자산운용,이현열,1년5개월,0년0개월,1,31259,,,,
키움투자자산운용,이효건,3년2개월,2년3개월,2,24283,,,,
키움투자자산운용,임관호,3년2개월,2년4개월,22,413709,,,,
키움투자자산운용,임연수,0년9개월,0년4개월,2,63448,,,,
키움투자자산운용,임지영,0년4개월,0년4개월,3,19006,,,,
키움투자자산운용,조바울,1년11개월,1년11개월,2,3660,,,,
키움투자자산운용,최준석,8년7개월,0년7개월,14,64337,,,,
키움투자자산운용,현기숙,0년3개월,0년3개월,10,374181,,,,
타임폴리오자산운용,강현담,5년10개월,5년10개월,2,478082,,,,
타임폴리오자산운용,김남의,8년7개월,4년2개월,16,1892322,,,,
타임폴리오자산운용,김남호,5년11개월,4년2개월,16,1964968,,,,
타임폴리오자산운용,배현주,2년3개월,2년3개월,16,1892322,,,,
타임폴리오자산운용,이정욱,4년2개월,4년2개월,16,1902227,,,,
타임폴리오자산운용,이찬휘,4년8개월,4년8개월,2,478082,,,,
트러스톤자산운용,강우종,5년9개월,5년9개월,5,9948,,,,
트러스톤자산운용,김내혁,2년2개월,2년2개월,8,33986,,,,
트러스톤자산운용,김성현,2년0개월,2년0개월,11,92806,,,,
트러스톤자산운용,송용주,1년4개월,1년4개월,5,9948,,,,
트러스톤자산운용,신홍섭,13년5개월,9년0개월,8,117290,,,,
트러스톤자산운용,안진규,12년4개월,8년3개월,1,47523,,,,
트러스톤자산운용,양진모,12년1개월,9년0개월,4,220853,,,,
트러스톤자산운용,이태하,9년6개월,7년7개월,9,147972,,,,
트러스톤자산운용,전지완,0년6개월,0년6개월,4,11220,,,,
트러스톤자산운용,전춘봉,5년8개월,5년8개월,20,387649,,,,
트러스톤자산운용,정무일,19년7개월,5년1개월,6,105428,,,,
트러스톤자산운용,하현진,1년6개월,1년6개월,12,188882,,,,
트러스톤자산운용,현혜정,4년11개월,4년10개월,3,9297,,,,
플러스자산운용,경우현,14년5개월,9년3개월,6,42245,,,,
플러스자산운용,박지은,2년9개월,2년9개월,4,3936361,,,,
플러스자산운용,이관홍,18년6개월,17년5개월,2,8151,,,,
플러스자산운용,이성훈,1년0개월,1년0개월,4,3275884,,,,
플러스자산운용,이현정,0년0개월,0년0개월,1,513,,,,
피델리티자산운용,안종현,5년6개월,5년6개월,50,2863705,,,,
하나대체투자자산운용,김성득,1년5개월,1년5개월,1,4760,,,,
하나대체투자자산운용,김윤호,0년2개월,0년2개월,3,270104,,,,
하나대체투자자산운용,배기환,0년8개월,0년8개월,1,4760,,,,
하나대체투자자산운용,정해성,4년8개월,4년8개월,1,69000,,,,
하나대체투자자산운용,허재성,1년5개월,1년5개월,1,51500,,,,
하나자산운용,LIN RONGGEN,3년2개월,3년2개월,19,110481,,,,
하나자산운용,강양구,0년6개월,0년6개월,5,2816,,,,
하나자산운용,고영철,6년0개월,1년3개월,25,2667502,,,,
하나자산운용,권민정,5년2개월,5년2개월,4,973304,,,,
하나자산운용,김상율,7년7개월,7년7개월,34,2207307,,,,
하나자산운용,김정표,12년11개월,12년11개월,3,158782,,,,
하나자산운용,김준래,13년0개월,13년0개월,37,521533,,,,
하나자산운용,김태수,16년3개월,9년11개월,13,161454,,,,
하나자산운용,문예지,3년9개월,0년6개월,12,84659,,,,
하나자산운용,문희주,0년6개월,0년6개월,4,178051,,,,
하나자산운용,박문수,4년0개월,3년3개월,9,187549,,,,
하나자산운용,박수범,10년11개월,3년8개월,6,15195,,,,
하나자산운용,박정엽,5년7개월,0년6개월,10,50044,,,,
하나자산운용,배성영,4년7개월,0년1개월,9,29827,,,,
하나자산운용,안기홍,2년7개월,1년4개월,8,11149165,,,,
하나자산운용,양승후,13년3개월,0년9개월,2,387126,,,,
하나자산운용,어대영,0년10개월,0년10개월,3,283091,,,,
하나자산운용,염보선,4년3개월,0년10개월,9,160380,,,,
하나자산운용,유경환,1년3개월,1년3개월,22,547440,,,,
하나자산운용,이광현,3년1개월,0년10개월,7,1712044,,,,
하나자산운용,이다은,1년6개월,1년6개월,28,419496,,,,
하나자산운용,이왕섭,7년6개월,7년6개월,22,193033,,,,
하나자산운용,장수현,3년3개월,0년1개월,5,14060,,,,
하나자산운용,전나영,19년2개월,19년2개월,17,11978976,,,,
하나자산운용,정재민,3년1개월,3년1개월,42,3162258,,,,
하나자산운용,조은지,4년11개월,3년2개월,12,246536,,,,
하나자산운용,하상용,12년9개월,11년5개월,2,377792,,,,
하나자산운용,황은미,2년1개월,0년4개월,9,80506,,,,
한국투자리얼에셋운용,김용환,9년2개월,9년2개월,5,432063,,,,
한국투자리얼에셋운용,남기문,6년11개월,6년11개월,1,54765,,,,
한국투자리얼에셋운용,장도익,6년9개월,6년9개월,2,176937,,,,
한국투자밸류자산운용,국대운,14년2개월,14년2개월,7,261096,,,,
한국투자밸류자산운용,김영채,0년7개월,0년7개월,3,103410,,,,
한국투자밸류자산운용,김운실,10년5개월,10년5개월,8,755962,,,,
한국투자밸류자산운용,김은형,17년1개월,17년1개월,4,705282,,,,
한국투자밸류자산운용,박범지,3년0개월,3년0개월,5,94004,,,,
한국투자밸류자산운용,박상민,4년11개월,3년0개월,7,99442,,,,
한국투자밸류자산운용,박종한,3년6개월,3년6개월,5,144893,,,,
한국투자밸류자산운용,윤정환,8년8개월,8년8개월,4,252679,,,,
한국투자밸류자산운용,이승혁,19년4개월,19년4개월,3,327845,,,,
한국투자밸류자산운용,이요한,2년0개월,2년0개월,4,159721,,,,
한국투자밸류자산운용,임경민,1년7개월,1년7개월,4,423972,,,,
한국투자밸류자산운용,정신욱,17년3개월,17년3개월,7,249572,,,,
현대자산운용,RIM CHAI BUM,6년5개월,6년5개월,1,52600,,,,
현대자산운용,김유림,2년1개월,2년1개월,8,2385438,,,,
현대자산운용,민영기,15년9개월,1년0개월,7,99813,,,,
현대자산운용,신세인,0년1개월,0년1개월,4,25210,,,,
현대자산운용,유성식,3년8개월,3년8개월,2,3066,,,,
현대자산운용,이동근,7년4개월,7년4개월,2,14460,,,,
현대자산운용,이동현,4년8개월,0년1개월,1,24446,,,,
현대자산운용,이우주,7년0개월,0년3개월,1,2287029,,,,
현대자산운용,조상현,12년0개월,2년1개월,6,25703,,,,
현대자산운용,최일문,4년7개월,4년7개월,2,5723,,,,
흥국자산운용,강상석,1년1개월,1년1개월,4,57994,,,,
흥국자산운용,박민경,12년11개월,0년6개월,3,42926,,,,
흥국자산운용,박석,4년2개월,2년5개월,3,27782,,,,
흥국자산운용,박성인,8년4개월,8년4개월,3,2832051,,,,
흥국자산운용,박형태,11년6개월,11년6개월,14,1883219,,,,
흥국자산운용,서덕유,4년6개월,4년6개월,2,2791851,,,,
흥국자산운용,서민식,2년5개월,2년5개월,5,1647647,,,,
흥국자산운용,안준교,0년5개월,0년5개월,1,125884,,,,
흥국자산운용,오정근,3년5개월,3년5개월,6,3978264,,,,
흥국자산운용,이성규,9년3개월,0년9개월,14,88418,,,,
흥국자산운용,이용준,2년0개월,2년0개월,11,60635,,,,
흥국자산운용,조재현,7년10개월,5년9개월,6,86294,,,,
흥국자산운용,조정남,9년11개월,7년11개월,4,362613,,,,
,,,,,,,,,
,,,,,,,,,
,,,,,,,,,
,,,,,,,,,
,,,,,,,,,
,,,,,,,,,
,,,,,,,,,
,,,,,,,,,
,,,,,,,,,
,,,,,,,,,
,,,,,,,,,
899,,,,,,,,,
